Councils_County_City,Year_Month,No_Households
Carlow,2006-Jan,70
Cavan,2006-Jan,149
Clare,2006-Jan,171
Cork,2006-Jan,588
Donegal,2006-Jan,285
Dun Laoghaire,2006-Jan,241
Fingal,2006-Jan,305
Galway,2006-Jan,324
Kerry,2006-Jan,226
Kildare,2006-Jan,413
Kilkenny,2006-Jan,128
Laois,2006-Jan,234
Leitrim,2006-Jan,153
Limerick,2006-Jan,149
Longford,2006-Jan,89
Louth,2006-Jan,117
Mayo,2006-Jan,253
Meath,2006-Jan,313
Monaghan,2006-Jan,107
North Tipperary,2006-Jan,96
Offaly,2006-Jan,91
Roscommon,2006-Jan,162
Sligo,2006-Jan,155
South Dublin,2006-Jan,562
South Tipperary,2006-Jan,85
Waterford,2006-Jan,78
Westmeath,2006-Jan,132
Wexford,2006-Jan,183
Wicklow,2006-Jan,213
Cork_City,2006-Jan,39
Dublin_City,2006-Jan,757
Galway_City,2006-Jan,68
Limerick_City,2006-Jan,19
Waterford_City,2006-Jan,69
Carlow,2006-Feb,81
Cavan,2006-Feb,208
Clare,2006-Feb,251
Cork,2006-Feb,615
Donegal,2006-Feb,450
Dun Laoghaire,2006-Feb,172
Fingal,2006-Feb,566
Galway,2006-Feb,404
Kerry,2006-Feb,259
Kildare,2006-Feb,335
Kilkenny,2006-Feb,122
Laois,2006-Feb,214
Leitrim,2006-Feb,86
Limerick,2006-Feb,137
Longford,2006-Feb,91
Louth,2006-Feb,164
Mayo,2006-Feb,186
Meath,2006-Feb,312
Monaghan,2006-Feb,95
North Tipperary,2006-Feb,111
Offaly,2006-Feb,176
Roscommon,2006-Feb,160
Sligo,2006-Feb,125
South Dublin,2006-Feb,219
South Tipperary,2006-Feb,132
Waterford,2006-Feb,126
Westmeath,2006-Feb,147
Wexford,2006-Feb,236
Wicklow,2006-Feb,142
Cork_City,2006-Feb,22
Dublin_City,2006-Feb,618
Galway_City,2006-Feb,107
Limerick_City,2006-Feb,10
Waterford_City,2006-Feb,33
Carlow,2006-Mar,113
Cavan,2006-Mar,197
Clare,2006-Mar,264
Cork,2006-Mar,676
Donegal,2006-Mar,342
Dun Laoghaire,2006-Mar,260
Fingal,2006-Mar,550
Galway,2006-Mar,400
Kerry,2006-Mar,260
Kildare,2006-Mar,335
Kilkenny,2006-Mar,119
Laois,2006-Mar,111
Leitrim,2006-Mar,160
Limerick,2006-Mar,146
Longford,2006-Mar,83
Louth,2006-Mar,131
Mayo,2006-Mar,335
Meath,2006-Mar,286
Monaghan,2006-Mar,129
North Tipperary,2006-Mar,144
Offaly,2006-Mar,109
Roscommon,2006-Mar,237
Sligo,2006-Mar,233
South Dublin,2006-Mar,317
South Tipperary,2006-Mar,109
Waterford,2006-Mar,136
Westmeath,2006-Mar,140
Wexford,2006-Mar,276
Wicklow,2006-Mar,179
Cork_City,2006-Mar,93
Dublin_City,2006-Mar,560
Galway_City,2006-Mar,57
Limerick_City,2006-Mar,80
Waterford_City,2006-Mar,91
Carlow,2006-Apr,56
Cavan,2006-Apr,261
Clare,2006-Apr,200
Cork,2006-Apr,554
Donegal,2006-Apr,217
Dun Laoghaire,2006-Apr,138
Fingal,2006-Apr,481
Galway,2006-Apr,348
Kerry,2006-Apr,248
Kildare,2006-Apr,363
Kilkenny,2006-Apr,125
Laois,2006-Apr,151
Leitrim,2006-Apr,122
Limerick,2006-Apr,204
Longford,2006-Apr,144
Louth,2006-Apr,130
Mayo,2006-Apr,234
Meath,2006-Apr,257
Monaghan,2006-Apr,220
North Tipperary,2006-Apr,64
Offaly,2006-Apr,102
Roscommon,2006-Apr,134
Sligo,2006-Apr,170
South Dublin,2006-Apr,181
South Tipperary,2006-Apr,120
Waterford,2006-Apr,123
Westmeath,2006-Apr,116
Wexford,2006-Apr,337
Wicklow,2006-Apr,132
Cork_City,2006-Apr,31
Dublin_City,2006-Apr,225
Galway_City,2006-Apr,72
Limerick_City,2006-Apr,32
Waterford_City,2006-Apr,34
Carlow,2006-May,97
Cavan,2006-May,201
Clare,2006-May,242
Cork,2006-May,702
Donegal,2006-May,365
Dun Laoghaire,2006-May,251
Fingal,2006-May,484
Galway,2006-May,307
Kerry,2006-May,247
Kildare,2006-May,476
Kilkenny,2006-May,154
Laois,2006-May,169
Leitrim,2006-May,99
Limerick,2006-May,170
Longford,2006-May,90
Louth,2006-May,233
Mayo,2006-May,194
Meath,2006-May,414
Monaghan,2006-May,103
North Tipperary,2006-May,88
Offaly,2006-May,110
Roscommon,2006-May,195
Sligo,2006-May,191
South Dublin,2006-May,271
South Tipperary,2006-May,113
Waterford,2006-May,157
Westmeath,2006-May,147
Wexford,2006-May,388
Wicklow,2006-May,182
Cork_City,2006-May,162
Dublin_City,2006-May,496
Galway_City,2006-May,199
Limerick_City,2006-May,17
Waterford_City,2006-May,63
Carlow,2006-Jun,125
Cavan,2006-Jun,248
Clare,2006-Jun,324
Cork,2006-Jun,602
Donegal,2006-Jun,439
Dun Laoghaire,2006-Jun,278
Fingal,2006-Jun,399
Galway,2006-Jun,368
Kerry,2006-Jun,417
Kildare,2006-Jun,370
Kilkenny,2006-Jun,114
Laois,2006-Jun,176
Leitrim,2006-Jun,194
Limerick,2006-Jun,196
Longford,2006-Jun,83
Louth,2006-Jun,168
Mayo,2006-Jun,230
Meath,2006-Jun,337
Monaghan,2006-Jun,101
North Tipperary,2006-Jun,148
Offaly,2006-Jun,106
Roscommon,2006-Jun,162
Sligo,2006-Jun,158
South Dublin,2006-Jun,356
South Tipperary,2006-Jun,107
Waterford,2006-Jun,117
Westmeath,2006-Jun,138
Wexford,2006-Jun,217
Wicklow,2006-Jun,132
Cork_City,2006-Jun,110
Dublin_City,2006-Jun,717
Galway_City,2006-Jun,75
Limerick_City,2006-Jun,22
Waterford_City,2006-Jun,68
Carlow,2006-Jul,158
Cavan,2006-Jul,308
Clare,2006-Jul,195
Cork,2006-Jul,702
Donegal,2006-Jul,350
Dun Laoghaire,2006-Jul,134
Fingal,2006-Jul,488
Galway,2006-Jul,470
Kerry,2006-Jul,375
Kildare,2006-Jul,510
Kilkenny,2006-Jul,111
Laois,2006-Jul,168
Leitrim,2006-Jul,130
Limerick,2006-Jul,253
Longford,2006-Jul,85
Louth,2006-Jul,279
Mayo,2006-Jul,273
Meath,2006-Jul,311
Monaghan,2006-Jul,75
North Tipperary,2006-Jul,121
Offaly,2006-Jul,108
Roscommon,2006-Jul,144
Sligo,2006-Jul,209
South Dublin,2006-Jul,158
South Tipperary,2006-Jul,118
Waterford,2006-Jul,143
Westmeath,2006-Jul,120
Wexford,2006-Jul,333
Wicklow,2006-Jul,101
Cork_City,2006-Jul,57
Dublin_City,2006-Jul,685
Galway_City,2006-Jul,48
Limerick_City,2006-Jul,17
Waterford_City,2006-Jul,116
Carlow,2006-Aug,141
Cavan,2006-Aug,199
Clare,2006-Aug,164
Cork,2006-Aug,592
Donegal,2006-Aug,276
Dun Laoghaire,2006-Aug,329
Fingal,2006-Aug,385
Galway,2006-Aug,274
Kerry,2006-Aug,343
Kildare,2006-Aug,281
Kilkenny,2006-Aug,167
Laois,2006-Aug,141
Leitrim,2006-Aug,54
Limerick,2006-Aug,197
Longford,2006-Aug,57
Louth,2006-Aug,207
Mayo,2006-Aug,215
Meath,2006-Aug,196
Monaghan,2006-Aug,92
North Tipperary,2006-Aug,80
Offaly,2006-Aug,85
Roscommon,2006-Aug,153
Sligo,2006-Aug,121
South Dublin,2006-Aug,262
South Tipperary,2006-Aug,166
Waterford,2006-Aug,79
Westmeath,2006-Aug,107
Wexford,2006-Aug,245
Wicklow,2006-Aug,181
Cork_City,2006-Aug,141
Dublin_City,2006-Aug,783
Galway_City,2006-Aug,55
Limerick_City,2006-Aug,11
Waterford_City,2006-Aug,82
Carlow,2006-Sept,96
Cavan,2006-Sept,237
Clare,2006-Sept,155
Cork,2006-Sept,630
Donegal,2006-Sept,328
Dun Laoghaire,2006-Sept,155
Fingal,2006-Sept,560
Galway,2006-Sept,380
Kerry,2006-Sept,321
Kildare,2006-Sept,532
Kilkenny,2006-Sept,155
Laois,2006-Sept,184
Leitrim,2006-Sept,140
Limerick,2006-Sept,226
Longford,2006-Sept,96
Louth,2006-Sept,179
Mayo,2006-Sept,258
Meath,2006-Sept,308
Monaghan,2006-Sept,128
North Tipperary,2006-Sept,160
Offaly,2006-Sept,138
Roscommon,2006-Sept,134
Sligo,2006-Sept,171
South Dublin,2006-Sept,167
South Tipperary,2006-Sept,102
Waterford,2006-Sept,113
Westmeath,2006-Sept,96
Wexford,2006-Sept,214
Wicklow,2006-Sept,140
Cork_City,2006-Sept,96
Dublin_City,2006-Sept,847
Galway_City,2006-Sept,229
Limerick_City,2006-Sept,40
Waterford_City,2006-Sept,42
Carlow,2006-Oct,142
Cavan,2006-Oct,203
Clare,2006-Oct,252
Cork,2006-Oct,810
Donegal,2006-Oct,475
Dun Laoghaire,2006-Oct,148
Fingal,2006-Oct,479
Galway,2006-Oct,357
Kerry,2006-Oct,408
Kildare,2006-Oct,371
Kilkenny,2006-Oct,186
Laois,2006-Oct,286
Leitrim,2006-Oct,100
Limerick,2006-Oct,360
Longford,2006-Oct,116
Louth,2006-Oct,144
Mayo,2006-Oct,258
Meath,2006-Oct,340
Monaghan,2006-Oct,110
North Tipperary,2006-Oct,118
Offaly,2006-Oct,232
Roscommon,2006-Oct,211
Sligo,2006-Oct,224
South Dublin,2006-Oct,204
South Tipperary,2006-Oct,210
Waterford,2006-Oct,131
Westmeath,2006-Oct,162
Wexford,2006-Oct,344
Wicklow,2006-Oct,181
Cork_City,2006-Oct,103
Dublin_City,2006-Oct,690
Galway_City,2006-Oct,137
Limerick_City,2006-Oct,12
Waterford_City,2006-Oct,82
Carlow,2006-Nov,182
Cavan,2006-Nov,259
Clare,2006-Nov,296
Cork,2006-Nov,900
Donegal,2006-Nov,503
Dun Laoghaire,2006-Nov,162
Fingal,2006-Nov,623
Galway,2006-Nov,437
Kerry,2006-Nov,444
Kildare,2006-Nov,381
Kilkenny,2006-Nov,228
Laois,2006-Nov,224
Leitrim,2006-Nov,222
Limerick,2006-Nov,293
Longford,2006-Nov,169
Louth,2006-Nov,227
Mayo,2006-Nov,322
Meath,2006-Nov,348
Monaghan,2006-Nov,103
North Tipperary,2006-Nov,152
Offaly,2006-Nov,196
Roscommon,2006-Nov,232
Sligo,2006-Nov,309
South Dublin,2006-Nov,451
South Tipperary,2006-Nov,156
Waterford,2006-Nov,192
Westmeath,2006-Nov,220
Wexford,2006-Nov,308
Wicklow,2006-Nov,220
Cork_City,2006-Nov,108
Dublin_City,2006-Nov,755
Galway_City,2006-Nov,142
Limerick_City,2006-Nov,50
Waterford_City,2006-Nov,85
Carlow,2006-Dec,60
Cavan,2006-Dec,219
Clare,2006-Dec,213
Cork,2006-Dec,705
Donegal,2006-Dec,357
Dun Laoghaire,2006-Dec,204
Fingal,2006-Dec,543
Galway,2006-Dec,443
Kerry,2006-Dec,405
Kildare,2006-Dec,437
Kilkenny,2006-Dec,160
Laois,2006-Dec,186
Leitrim,2006-Dec,85
Limerick,2006-Dec,293
Longford,2006-Dec,225
Louth,2006-Dec,272
Mayo,2006-Dec,321
Meath,2006-Dec,324
Monaghan,2006-Dec,143
North Tipperary,2006-Dec,144
Offaly,2006-Dec,141
Roscommon,2006-Dec,260
Sligo,2006-Dec,98
South Dublin,2006-Dec,241
South Tipperary,2006-Dec,172
Waterford,2006-Dec,116
Westmeath,2006-Dec,179
Wexford,2006-Dec,310
Wicklow,2006-Dec,164
Cork_City,2006-Dec,103
Dublin_City,2006-Dec,613
Galway_City,2006-Dec,86
Limerick_City,2006-Dec,79
Waterford_City,2006-Dec,63
Carlow,2007-Jan,52
Cavan,2007-Jan,176
Clare,2007-Jan,122
Cork,2007-Jan,573
Donegal,2007-Jan,344
Dun Laoghaire,2007-Jan,217
Fingal,2007-Jan,311
Galway,2007-Jan,427
Kerry,2007-Jan,172
Kildare,2007-Jan,225
Kilkenny,2007-Jan,129
Laois,2007-Jan,213
Leitrim,2007-Jan,105
Limerick,2007-Jan,166
Longford,2007-Jan,96
Louth,2007-Jan,128
Mayo,2007-Jan,221
Meath,2007-Jan,162
Monaghan,2007-Jan,47
North Tipperary,2007-Jan,90
Offaly,2007-Jan,84
Roscommon,2007-Jan,113
Sligo,2007-Jan,129
South Dublin,2007-Jan,160
South Tipperary,2007-Jan,110
Waterford,2007-Jan,60
Westmeath,2007-Jan,201
Wexford,2007-Jan,213
Wicklow,2007-Jan,130
Cork_City,2007-Jan,83
Dublin_City,2007-Jan,446
Galway_City,2007-Jan,23
Limerick_City,2007-Jan,43
Waterford_City,2007-Jan,17
Carlow,2007-Feb,142
Cavan,2007-Feb,118
Clare,2007-Feb,237
Cork,2007-Feb,646
Donegal,2007-Feb,370
Dun Laoghaire,2007-Feb,257
Fingal,2007-Feb,450
Galway,2007-Feb,359
Kerry,2007-Feb,255
Kildare,2007-Feb,294
Kilkenny,2007-Feb,150
Laois,2007-Feb,192
Leitrim,2007-Feb,97
Limerick,2007-Feb,211
Longford,2007-Feb,201
Louth,2007-Feb,139
Mayo,2007-Feb,230
Meath,2007-Feb,196
Monaghan,2007-Feb,104
North Tipperary,2007-Feb,85
Offaly,2007-Feb,115
Roscommon,2007-Feb,96
Sligo,2007-Feb,80
South Dublin,2007-Feb,393
South Tipperary,2007-Feb,126
Waterford,2007-Feb,119
Westmeath,2007-Feb,114
Wexford,2007-Feb,196
Wicklow,2007-Feb,122
Cork_City,2007-Feb,123
Dublin_City,2007-Feb,562
Galway_City,2007-Feb,142
Limerick_City,2007-Feb,52
Waterford_City,2007-Feb,79
Carlow,2007-Mar,126
Cavan,2007-Mar,170
Clare,2007-Mar,197
Cork,2007-Mar,800
Donegal,2007-Mar,321
Dun Laoghaire,2007-Mar,100
Fingal,2007-Mar,541
Galway,2007-Mar,332
Kerry,2007-Mar,243
Kildare,2007-Mar,285
Kilkenny,2007-Mar,175
Laois,2007-Mar,225
Leitrim,2007-Mar,76
Limerick,2007-Mar,222
Longford,2007-Mar,109
Louth,2007-Mar,154
Mayo,2007-Mar,235
Meath,2007-Mar,285
Monaghan,2007-Mar,94
North Tipperary,2007-Mar,87
Offaly,2007-Mar,92
Roscommon,2007-Mar,119
Sligo,2007-Mar,136
South Dublin,2007-Mar,272
South Tipperary,2007-Mar,145
Waterford,2007-Mar,93
Westmeath,2007-Mar,112
Wexford,2007-Mar,210
Wicklow,2007-Mar,132
Cork_City,2007-Mar,168
Dublin_City,2007-Mar,677
Galway_City,2007-Mar,73
Limerick_City,2007-Mar,59
Waterford_City,2007-Mar,13
Carlow,2007-Apr,101
Cavan,2007-Apr,142
Clare,2007-Apr,192
Cork,2007-Apr,597
Donegal,2007-Apr,380
Dun Laoghaire,2007-Apr,204
Fingal,2007-Apr,449
Galway,2007-Apr,264
Kerry,2007-Apr,249
Kildare,2007-Apr,305
Kilkenny,2007-Apr,121
Laois,2007-Apr,157
Leitrim,2007-Apr,118
Limerick,2007-Apr,122
Longford,2007-Apr,136
Louth,2007-Apr,99
Mayo,2007-Apr,190
Meath,2007-Apr,287
Monaghan,2007-Apr,49
North Tipperary,2007-Apr,70
Offaly,2007-Apr,77
Roscommon,2007-Apr,137
Sligo,2007-Apr,153
South Dublin,2007-Apr,277
South Tipperary,2007-Apr,129
Waterford,2007-Apr,57
Westmeath,2007-Apr,120
Wexford,2007-Apr,236
Wicklow,2007-Apr,129
Cork_City,2007-Apr,99
Dublin_City,2007-Apr,273
Galway_City,2007-Apr,24
Limerick_City,2007-Apr,3
Waterford_City,2007-Apr,18
Carlow,2007-May,176
Cavan,2007-May,260
Clare,2007-May,188
Cork,2007-May,654
Donegal,2007-May,295
Dun Laoghaire,2007-May,221
Fingal,2007-May,351
Galway,2007-May,325
Kerry,2007-May,257
Kildare,2007-May,277
Kilkenny,2007-May,111
Laois,2007-May,209
Leitrim,2007-May,60
Limerick,2007-May,258
Longford,2007-May,142
Louth,2007-May,93
Mayo,2007-May,144
Meath,2007-May,226
Monaghan,2007-May,95
North Tipperary,2007-May,101
Offaly,2007-May,86
Roscommon,2007-May,128
Sligo,2007-May,96
South Dublin,2007-May,416
South Tipperary,2007-May,65
Waterford,2007-May,99
Westmeath,2007-May,124
Wexford,2007-May,403
Wicklow,2007-May,137
Cork_City,2007-May,87
Dublin_City,2007-May,674
Galway_City,2007-May,39
Limerick_City,2007-May,23
Waterford_City,2007-May,12
Carlow,2007-Jun,97
Cavan,2007-Jun,153
Clare,2007-Jun,159
Cork,2007-Jun,576
Donegal,2007-Jun,400
Dun Laoghaire,2007-Jun,273
Fingal,2007-Jun,446
Galway,2007-Jun,272
Kerry,2007-Jun,209
Kildare,2007-Jun,217
Kilkenny,2007-Jun,77
Laois,2007-Jun,133
Leitrim,2007-Jun,86
Limerick,2007-Jun,179
Longford,2007-Jun,97
Louth,2007-Jun,110
Mayo,2007-Jun,230
Meath,2007-Jun,265
Monaghan,2007-Jun,127
North Tipperary,2007-Jun,85
Offaly,2007-Jun,111
Roscommon,2007-Jun,134
Sligo,2007-Jun,74
South Dublin,2007-Jun,147
South Tipperary,2007-Jun,80
Waterford,2007-Jun,87
Westmeath,2007-Jun,134
Wexford,2007-Jun,296
Wicklow,2007-Jun,96
Cork_City,2007-Jun,158
Dublin_City,2007-Jun,418
Galway_City,2007-Jun,73
Limerick_City,2007-Jun,6
Waterford_City,2007-Jun,59
Carlow,2007-Jul,89
Cavan,2007-Jul,86
Clare,2007-Jul,163
Cork,2007-Jul,416
Donegal,2007-Jul,264
Dun Laoghaire,2007-Jul,204
Fingal,2007-Jul,345
Galway,2007-Jul,223
Kerry,2007-Jul,180
Kildare,2007-Jul,221
Kilkenny,2007-Jul,124
Laois,2007-Jul,141
Leitrim,2007-Jul,71
Limerick,2007-Jul,102
Longford,2007-Jul,148
Louth,2007-Jul,99
Mayo,2007-Jul,154
Meath,2007-Jul,155
Monaghan,2007-Jul,57
North Tipperary,2007-Jul,54
Offaly,2007-Jul,79
Roscommon,2007-Jul,76
Sligo,2007-Jul,66
South Dublin,2007-Jul,377
South Tipperary,2007-Jul,64
Waterford,2007-Jul,84
Westmeath,2007-Jul,80
Wexford,2007-Jul,144
Wicklow,2007-Jul,74
Cork_City,2007-Jul,85
Dublin_City,2007-Jul,454
Galway_City,2007-Jul,91
Limerick_City,2007-Jul,37
Waterford_City,2007-Jul,55
Carlow,2007-Aug,61
Cavan,2007-Aug,227
Clare,2007-Aug,151
Cork,2007-Aug,550
Donegal,2007-Aug,284
Dun Laoghaire,2007-Aug,269
Fingal,2007-Aug,329
Galway,2007-Aug,223
Kerry,2007-Aug,262
Kildare,2007-Aug,194
Kilkenny,2007-Aug,144
Laois,2007-Aug,137
Leitrim,2007-Aug,91
Limerick,2007-Aug,165
Longford,2007-Aug,65
Louth,2007-Aug,151
Mayo,2007-Aug,170
Meath,2007-Aug,180
Monaghan,2007-Aug,95
North Tipperary,2007-Aug,95
Offaly,2007-Aug,120
Roscommon,2007-Aug,116
Sligo,2007-Aug,72
South Dublin,2007-Aug,196
South Tipperary,2007-Aug,63
Waterford,2007-Aug,99
Westmeath,2007-Aug,143
Wexford,2007-Aug,303
Wicklow,2007-Aug,176
Cork_City,2007-Aug,58
Dublin_City,2007-Aug,606
Galway_City,2007-Aug,47
Limerick_City,2007-Aug,11
Waterford_City,2007-Aug,50
Carlow,2007-Sept,72
Cavan,2007-Sept,214
Clare,2007-Sept,161
Cork,2007-Sept,550
Donegal,2007-Sept,423
Dun Laoghaire,2007-Sept,422
Fingal,2007-Sept,419
Galway,2007-Sept,243
Kerry,2007-Sept,206
Kildare,2007-Sept,296
Kilkenny,2007-Sept,76
Laois,2007-Sept,136
Leitrim,2007-Sept,73
Limerick,2007-Sept,146
Longford,2007-Sept,126
Louth,2007-Sept,173
Mayo,2007-Sept,161
Meath,2007-Sept,144
Monaghan,2007-Sept,129
North Tipperary,2007-Sept,101
Offaly,2007-Sept,119
Roscommon,2007-Sept,140
Sligo,2007-Sept,101
South Dublin,2007-Sept,310
South Tipperary,2007-Sept,93
Waterford,2007-Sept,110
Westmeath,2007-Sept,183
Wexford,2007-Sept,260
Wicklow,2007-Sept,157
Cork_City,2007-Sept,76
Dublin_City,2007-Sept,491
Galway_City,2007-Sept,31
Limerick_City,2007-Sept,5
Waterford_City,2007-Sept,15
Carlow,2007-Oct,59
Cavan,2007-Oct,162
Clare,2007-Oct,255
Cork,2007-Oct,731
Donegal,2007-Oct,358
Dun Laoghaire,2007-Oct,282
Fingal,2007-Oct,414
Galway,2007-Oct,430
Kerry,2007-Oct,187
Kildare,2007-Oct,315
Kilkenny,2007-Oct,124
Laois,2007-Oct,214
Leitrim,2007-Oct,64
Limerick,2007-Oct,267
Longford,2007-Oct,167
Louth,2007-Oct,180
Mayo,2007-Oct,231
Meath,2007-Oct,168
Monaghan,2007-Oct,83
North Tipperary,2007-Oct,77
Offaly,2007-Oct,100
Roscommon,2007-Oct,139
Sligo,2007-Oct,120
South Dublin,2007-Oct,222
South Tipperary,2007-Oct,162
Waterford,2007-Oct,142
Westmeath,2007-Oct,188
Wexford,2007-Oct,356
Wicklow,2007-Oct,202
Cork_City,2007-Oct,52
Dublin_City,2007-Oct,832
Galway_City,2007-Oct,54
Limerick_City,2007-Oct,44
Waterford_City,2007-Oct,16
Carlow,2007-Nov,62
Cavan,2007-Nov,181
Clare,2007-Nov,258
Cork,2007-Nov,756
Donegal,2007-Nov,372
Dun Laoghaire,2007-Nov,291
Fingal,2007-Nov,426
Galway,2007-Nov,457
Kerry,2007-Nov,193
Kildare,2007-Nov,322
Kilkenny,2007-Nov,132
Laois,2007-Nov,217
Leitrim,2007-Nov,69
Limerick,2007-Nov,277
Longford,2007-Nov,172
Louth,2007-Nov,188
Mayo,2007-Nov,244
Meath,2007-Nov,196
Monaghan,2007-Nov,84
North Tipperary,2007-Nov,80
Offaly,2007-Nov,101
Roscommon,2007-Nov,145
Sligo,2007-Nov,126
South Dublin,2007-Nov,230
South Tipperary,2007-Nov,170
Waterford,2007-Nov,145
Westmeath,2007-Nov,193
Wexford,2007-Nov,364
Wicklow,2007-Nov,217
Cork_City,2007-Nov,62
Dublin_City,2007-Nov,849
Galway_City,2007-Nov,54
Limerick_City,2007-Nov,46
Waterford_City,2007-Nov,17
Carlow,2007-Dec,106
Cavan,2007-Dec,219
Clare,2007-Dec,203
Cork,2007-Dec,628
Donegal,2007-Dec,353
Dun Laoghaire,2007-Dec,312
Fingal,2007-Dec,244
Galway,2007-Dec,294
Kerry,2007-Dec,265
Kildare,2007-Dec,167
Kilkenny,2007-Dec,181
Laois,2007-Dec,203
Leitrim,2007-Dec,65
Limerick,2007-Dec,327
Longford,2007-Dec,120
Louth,2007-Dec,140
Mayo,2007-Dec,232
Meath,2007-Dec,163
Monaghan,2007-Dec,78
North Tipperary,2007-Dec,116
Offaly,2007-Dec,133
Roscommon,2007-Dec,81
Sligo,2007-Dec,116
South Dublin,2007-Dec,270
South Tipperary,2007-Dec,83
Waterford,2007-Dec,140
Westmeath,2007-Dec,116
Wexford,2007-Dec,213
Wicklow,2007-Dec,132
Cork_City,2007-Dec,158
Dublin_City,2007-Dec,396
Galway_City,2007-Dec,81
Limerick_City,2007-Dec,5
Waterford_City,2007-Dec,89
Carlow,2008-Jan,44
Cavan,2008-Jan,124
Clare,2008-Jan,100
Cork,2008-Jan,421
Donegal,2008-Jan,155
Dun Laoghaire,2008-Jan,335
Fingal,2008-Jan,204
Galway,2008-Jan,188
Kerry,2008-Jan,94
Kildare,2008-Jan,176
Kilkenny,2008-Jan,147
Laois,2008-Jan,94
Leitrim,2008-Jan,44
Limerick,2008-Jan,115
Longford,2008-Jan,76
Louth,2008-Jan,143
Mayo,2008-Jan,122
Meath,2008-Jan,207
Monaghan,2008-Jan,105
North Tipperary,2008-Jan,54
Offaly,2008-Jan,134
Roscommon,2008-Jan,196
Sligo,2008-Jan,117
South Dublin,2008-Jan,262
South Tipperary,2008-Jan,96
Waterford,2008-Jan,107
Westmeath,2008-Jan,108
Wexford,2008-Jan,159
Wicklow,2008-Jan,123
Cork_City,2008-Jan,44
Dublin_City,2008-Jan,402
Galway_City,2008-Jan,13
Limerick_City,2008-Jan,59
Waterford_City,2008-Jan,90
Carlow,2008-Feb,61
Cavan,2008-Feb,90
Clare,2008-Feb,152
Cork,2008-Feb,515
Donegal,2008-Feb,297
Dun Laoghaire,2008-Feb,230
Fingal,2008-Feb,205
Galway,2008-Feb,210
Kerry,2008-Feb,197
Kildare,2008-Feb,140
Kilkenny,2008-Feb,127
Laois,2008-Feb,160
Leitrim,2008-Feb,65
Limerick,2008-Feb,181
Longford,2008-Feb,54
Louth,2008-Feb,160
Mayo,2008-Feb,201
Meath,2008-Feb,128
Monaghan,2008-Feb,88
North Tipperary,2008-Feb,102
Offaly,2008-Feb,92
Roscommon,2008-Feb,122
Sligo,2008-Feb,75
South Dublin,2008-Feb,162
South Tipperary,2008-Feb,108
Waterford,2008-Feb,91
Westmeath,2008-Feb,158
Wexford,2008-Feb,215
Wicklow,2008-Feb,81
Cork_City,2008-Feb,29
Dublin_City,2008-Feb,451
Galway_City,2008-Feb,25
Limerick_City,2008-Feb,31
Waterford_City,2008-Feb,26
Carlow,2008-Mar,38
Cavan,2008-Mar,111
Clare,2008-Mar,94
Cork,2008-Mar,381
Donegal,2008-Mar,225
Dun Laoghaire,2008-Mar,86
Fingal,2008-Mar,82
Galway,2008-Mar,179
Kerry,2008-Mar,154
Kildare,2008-Mar,129
Kilkenny,2008-Mar,57
Laois,2008-Mar,102
Leitrim,2008-Mar,50
Limerick,2008-Mar,129
Longford,2008-Mar,66
Louth,2008-Mar,62
Mayo,2008-Mar,152
Meath,2008-Mar,187
Monaghan,2008-Mar,47
North Tipperary,2008-Mar,77
Offaly,2008-Mar,60
Roscommon,2008-Mar,59
Sligo,2008-Mar,53
South Dublin,2008-Mar,171
South Tipperary,2008-Mar,53
Waterford,2008-Mar,68
Westmeath,2008-Mar,91
Wexford,2008-Mar,151
Wicklow,2008-Mar,110
Cork_City,2008-Mar,150
Dublin_City,2008-Mar,520
Galway_City,2008-Mar,27
Limerick_City,2008-Mar,70
Waterford_City,2008-Mar,32
Carlow,2008-Apr,94
Cavan,2008-Apr,75
Clare,2008-Apr,128
Cork,2008-Apr,404
Donegal,2008-Apr,239
Dun Laoghaire,2008-Apr,235
Fingal,2008-Apr,192
Galway,2008-Apr,213
Kerry,2008-Apr,170
Kildare,2008-Apr,170
Kilkenny,2008-Apr,102
Laois,2008-Apr,163
Leitrim,2008-Apr,88
Limerick,2008-Apr,153
Longford,2008-Apr,64
Louth,2008-Apr,86
Mayo,2008-Apr,201
Meath,2008-Apr,194
Monaghan,2008-Apr,59
North Tipperary,2008-Apr,69
Offaly,2008-Apr,72
Roscommon,2008-Apr,78
Sligo,2008-Apr,90
South Dublin,2008-Apr,246
South Tipperary,2008-Apr,74
Waterford,2008-Apr,144
Westmeath,2008-Apr,86
Wexford,2008-Apr,197
Wicklow,2008-Apr,159
Cork_City,2008-Apr,31
Dublin_City,2008-Apr,402
Galway_City,2008-Apr,64
Limerick_City,2008-Apr,96
Waterford_City,2008-Apr,10
Carlow,2008-May,39
Cavan,2008-May,62
Clare,2008-May,97
Cork,2008-May,431
Donegal,2008-May,313
Dun Laoghaire,2008-May,185
Fingal,2008-May,189
Galway,2008-May,177
Kerry,2008-May,143
Kildare,2008-May,170
Kilkenny,2008-May,81
Laois,2008-May,118
Leitrim,2008-May,77
Limerick,2008-May,149
Longford,2008-May,55
Louth,2008-May,85
Mayo,2008-May,93
Meath,2008-May,170
Monaghan,2008-May,33
North Tipperary,2008-May,94
Offaly,2008-May,103
Roscommon,2008-May,62
Sligo,2008-May,114
South Dublin,2008-May,153
South Tipperary,2008-May,59
Waterford,2008-May,100
Westmeath,2008-May,153
Wexford,2008-May,200
Wicklow,2008-May,120
Cork_City,2008-May,93
Dublin_City,2008-May,554
Galway_City,2008-May,32
Limerick_City,2008-May,29
Waterford_City,2008-May,7
Carlow,2008-Jun,51
Cavan,2008-Jun,92
Clare,2008-Jun,95
Cork,2008-Jun,483
Donegal,2008-Jun,174
Dun Laoghaire,2008-Jun,262
Fingal,2008-Jun,129
Galway,2008-Jun,112
Kerry,2008-Jun,132
Kildare,2008-Jun,132
Kilkenny,2008-Jun,122
Laois,2008-Jun,70
Leitrim,2008-Jun,42
Limerick,2008-Jun,105
Longford,2008-Jun,34
Louth,2008-Jun,90
Mayo,2008-Jun,172
Meath,2008-Jun,219
Monaghan,2008-Jun,69
North Tipperary,2008-Jun,81
Offaly,2008-Jun,41
Roscommon,2008-Jun,92
Sligo,2008-Jun,82
South Dublin,2008-Jun,144
South Tipperary,2008-Jun,88
Waterford,2008-Jun,73
Westmeath,2008-Jun,53
Wexford,2008-Jun,123
Wicklow,2008-Jun,83
Cork_City,2008-Jun,188
Dublin_City,2008-Jun,489
Galway_City,2008-Jun,74
Limerick_City,2008-Jun,21
Waterford_City,2008-Jun,21
Carlow,2008-Jul,43
Cavan,2008-Jul,129
Clare,2008-Jul,149
Cork,2008-Jul,413
Donegal,2008-Jul,172
Dun Laoghaire,2008-Jul,168
Fingal,2008-Jul,131
Galway,2008-Jul,155
Kerry,2008-Jul,177
Kildare,2008-Jul,207
Kilkenny,2008-Jul,87
Laois,2008-Jul,79
Leitrim,2008-Jul,63
Limerick,2008-Jul,102
Longford,2008-Jul,39
Louth,2008-Jul,157
Mayo,2008-Jul,158
Meath,2008-Jul,193
Monaghan,2008-Jul,41
North Tipperary,2008-Jul,133
Offaly,2008-Jul,63
Roscommon,2008-Jul,89
Sligo,2008-Jul,86
South Dublin,2008-Jul,73
South Tipperary,2008-Jul,103
Waterford,2008-Jul,68
Westmeath,2008-Jul,77
Wexford,2008-Jul,242
Wicklow,2008-Jul,88
Cork_City,2008-Jul,94
Dublin_City,2008-Jul,470
Galway_City,2008-Jul,70
Limerick_City,2008-Jul,7
Waterford_City,2008-Jul,47
Carlow,2008-Aug,71
Cavan,2008-Aug,67
Clare,2008-Aug,81
Cork,2008-Aug,488
Donegal,2008-Aug,132
Dun Laoghaire,2008-Aug,168
Fingal,2008-Aug,153
Galway,2008-Aug,218
Kerry,2008-Aug,133
Kildare,2008-Aug,123
Kilkenny,2008-Aug,76
Laois,2008-Aug,80
Leitrim,2008-Aug,53
Limerick,2008-Aug,132
Longford,2008-Aug,31
Louth,2008-Aug,87
Mayo,2008-Aug,92
Meath,2008-Aug,112
Monaghan,2008-Aug,44
North Tipperary,2008-Aug,43
Offaly,2008-Aug,65
Roscommon,2008-Aug,71
Sligo,2008-Aug,43
South Dublin,2008-Aug,70
South Tipperary,2008-Aug,42
Waterford,2008-Aug,50
Westmeath,2008-Aug,62
Wexford,2008-Aug,164
Wicklow,2008-Aug,110
Cork_City,2008-Aug,131
Dublin_City,2008-Aug,387
Galway_City,2008-Aug,20
Limerick_City,2008-Aug,0
Waterford_City,2008-Aug,6
Carlow,2008-Sept,33
Cavan,2008-Sept,90
Clare,2008-Sept,155
Cork,2008-Sept,392
Donegal,2008-Sept,272
Dun Laoghaire,2008-Sept,115
Fingal,2008-Sept,190
Galway,2008-Sept,278
Kerry,2008-Sept,260
Kildare,2008-Sept,133
Kilkenny,2008-Sept,70
Laois,2008-Sept,67
Leitrim,2008-Sept,50
Limerick,2008-Sept,126
Longford,2008-Sept,37
Louth,2008-Sept,58
Mayo,2008-Sept,137
Meath,2008-Sept,143
Monaghan,2008-Sept,45
North Tipperary,2008-Sept,51
Offaly,2008-Sept,74
Roscommon,2008-Sept,59
Sligo,2008-Sept,103
South Dublin,2008-Sept,114
South Tipperary,2008-Sept,82
Waterford,2008-Sept,45
Westmeath,2008-Sept,100
Wexford,2008-Sept,127
Wicklow,2008-Sept,68
Cork_City,2008-Sept,52
Dublin_City,2008-Sept,533
Galway_City,2008-Sept,77
Limerick_City,2008-Sept,8
Waterford_City,2008-Sept,28
Carlow,2008-Oct,49
Cavan,2008-Oct,62
Clare,2008-Oct,102
Cork,2008-Oct,393
Donegal,2008-Oct,195
Dun Laoghaire,2008-Oct,127
Fingal,2008-Oct,274
Galway,2008-Oct,165
Kerry,2008-Oct,223
Kildare,2008-Oct,161
Kilkenny,2008-Oct,64
Laois,2008-Oct,74
Leitrim,2008-Oct,47
Limerick,2008-Oct,134
Longford,2008-Oct,45
Louth,2008-Oct,143
Mayo,2008-Oct,160
Meath,2008-Oct,118
Monaghan,2008-Oct,33
North Tipperary,2008-Oct,73
Offaly,2008-Oct,50
Roscommon,2008-Oct,73
Sligo,2008-Oct,75
South Dublin,2008-Oct,157
South Tipperary,2008-Oct,57
Waterford,2008-Oct,45
Westmeath,2008-Oct,76
Wexford,2008-Oct,119
Wicklow,2008-Oct,56
Cork_City,2008-Oct,45
Dublin_City,2008-Oct,350
Galway_City,2008-Oct,52
Limerick_City,2008-Oct,19
Waterford_City,2008-Oct,11
Carlow,2008-Nov,72
Cavan,2008-Nov,86
Clare,2008-Nov,144
Cork,2008-Nov,435
Donegal,2008-Nov,200
Dun Laoghaire,2008-Nov,76
Fingal,2008-Nov,187
Galway,2008-Nov,209
Kerry,2008-Nov,144
Kildare,2008-Nov,112
Kilkenny,2008-Nov,112
Laois,2008-Nov,61
Leitrim,2008-Nov,40
Limerick,2008-Nov,127
Longford,2008-Nov,55
Louth,2008-Nov,187
Mayo,2008-Nov,132
Meath,2008-Nov,164
Monaghan,2008-Nov,51
North Tipperary,2008-Nov,118
Offaly,2008-Nov,52
Roscommon,2008-Nov,74
Sligo,2008-Nov,66
South Dublin,2008-Nov,115
South Tipperary,2008-Nov,72
Waterford,2008-Nov,109
Westmeath,2008-Nov,76
Wexford,2008-Nov,154
Wicklow,2008-Nov,127
Cork_City,2008-Nov,42
Dublin_City,2008-Nov,614
Galway_City,2008-Nov,46
Limerick_City,2008-Nov,14
Waterford_City,2008-Nov,4
Carlow,2008-Dec,40
Cavan,2008-Dec,74
Clare,2008-Dec,96
Cork,2008-Dec,335
Donegal,2008-Dec,202
Dun Laoghaire,2008-Dec,100
Fingal,2008-Dec,213
Galway,2008-Dec,228
Kerry,2008-Dec,134
Kildare,2008-Dec,158
Kilkenny,2008-Dec,97
Laois,2008-Dec,88
Leitrim,2008-Dec,28
Limerick,2008-Dec,119
Longford,2008-Dec,28
Louth,2008-Dec,155
Mayo,2008-Dec,154
Meath,2008-Dec,111
Monaghan,2008-Dec,59
North Tipperary,2008-Dec,83
Offaly,2008-Dec,51
Roscommon,2008-Dec,68
Sligo,2008-Dec,20
South Dublin,2008-Dec,91
South Tipperary,2008-Dec,56
Waterford,2008-Dec,50
Westmeath,2008-Dec,106
Wexford,2008-Dec,147
Wicklow,2008-Dec,94
Cork_City,2008-Dec,102
Dublin_City,2008-Dec,176
Galway_City,2008-Dec,45
Limerick_City,2008-Dec,11
Waterford_City,2008-Dec,15
Carlow,2009-Jan,19
Cavan,2009-Jan,65
Clare,2009-Jan,95
Cork,2009-Jan,199
Donegal,2009-Jan,126
Dun Laoghaire,2009-Jan,253
Fingal,2009-Jan,111
Galway,2009-Jan,121
Kerry,2009-Jan,49
Kildare,2009-Jan,74
Kilkenny,2009-Jan,47
Laois,2009-Jan,55
Leitrim,2009-Jan,66
Limerick,2009-Jan,50
Longford,2009-Jan,72
Louth,2009-Jan,109
Mayo,2009-Jan,121
Meath,2009-Jan,101
Monaghan,2009-Jan,30
North Tipperary,2009-Jan,41
Offaly,2009-Jan,38
Roscommon,2009-Jan,63
Sligo,2009-Jan,47
South Dublin,2009-Jan,48
South Tipperary,2009-Jan,32
Waterford,2009-Jan,46
Westmeath,2009-Jan,64
Wexford,2009-Jan,98
Wicklow,2009-Jan,91
Cork_City,2009-Jan,104
Dublin_City,2009-Jan,150
Galway_City,2009-Jan,37
Limerick_City,2009-Jan,13
Waterford_City,2009-Jan,24
Carlow,2009-Feb,36
Cavan,2009-Feb,45
Clare,2009-Feb,82
Cork,2009-Feb,282
Donegal,2009-Feb,186
Dun Laoghaire,2009-Feb,102
Fingal,2009-Feb,147
Galway,2009-Feb,130
Kerry,2009-Feb,63
Kildare,2009-Feb,61
Kilkenny,2009-Feb,53
Laois,2009-Feb,53
Leitrim,2009-Feb,25
Limerick,2009-Feb,88
Longford,2009-Feb,53
Louth,2009-Feb,43
Mayo,2009-Feb,107
Meath,2009-Feb,134
Monaghan,2009-Feb,30
North Tipperary,2009-Feb,47
Offaly,2009-Feb,29
Roscommon,2009-Feb,44
Sligo,2009-Feb,47
South Dublin,2009-Feb,40
South Tipperary,2009-Feb,33
Waterford,2009-Feb,42
Westmeath,2009-Feb,23
Wexford,2009-Feb,75
Wicklow,2009-Feb,46
Cork_City,2009-Feb,64
Dublin_City,2009-Feb,370
Galway_City,2009-Feb,8
Limerick_City,2009-Feb,10
Waterford_City,2009-Feb,15
Carlow,2009-Mar,50
Cavan,2009-Mar,38
Clare,2009-Mar,99
Cork,2009-Mar,241
Donegal,2009-Mar,132
Dun Laoghaire,2009-Mar,55
Fingal,2009-Mar,128
Galway,2009-Mar,99
Kerry,2009-Mar,100
Kildare,2009-Mar,92
Kilkenny,2009-Mar,39
Laois,2009-Mar,48
Leitrim,2009-Mar,42
Limerick,2009-Mar,102
Longford,2009-Mar,37
Louth,2009-Mar,51
Mayo,2009-Mar,71
Meath,2009-Mar,77
Monaghan,2009-Mar,19
North Tipperary,2009-Mar,40
Offaly,2009-Mar,49
Roscommon,2009-Mar,54
Sligo,2009-Mar,46
South Dublin,2009-Mar,42
South Tipperary,2009-Mar,37
Waterford,2009-Mar,51
Westmeath,2009-Mar,82
Wexford,2009-Mar,98
Wicklow,2009-Mar,91
Cork_City,2009-Mar,50
Dublin_City,2009-Mar,136
Galway_City,2009-Mar,7
Limerick_City,2009-Mar,15
Waterford_City,2009-Mar,21
Carlow,2009-Apr,45
Cavan,2009-Apr,38
Clare,2009-Apr,53
Cork,2009-Apr,215
Donegal,2009-Apr,122
Dun Laoghaire,2009-Apr,77
Fingal,2009-Apr,91
Galway,2009-Apr,135
Kerry,2009-Apr,70
Kildare,2009-Apr,113
Kilkenny,2009-Apr,43
Laois,2009-Apr,48
Leitrim,2009-Apr,22
Limerick,2009-Apr,50
Longford,2009-Apr,106
Louth,2009-Apr,55
Mayo,2009-Apr,79
Meath,2009-Apr,70
Monaghan,2009-Apr,46
North Tipperary,2009-Apr,37
Offaly,2009-Apr,31
Roscommon,2009-Apr,56
Sligo,2009-Apr,63
South Dublin,2009-Apr,70
South Tipperary,2009-Apr,46
Waterford,2009-Apr,62
Westmeath,2009-Apr,38
Wexford,2009-Apr,86
Wicklow,2009-Apr,48
Cork_City,2009-Apr,77
Dublin_City,2009-Apr,299
Galway_City,2009-Apr,13
Limerick_City,2009-Apr,15
Waterford_City,2009-Apr,11
Carlow,2009-May,31
Cavan,2009-May,44
Clare,2009-May,54
Cork,2009-May,257
Donegal,2009-May,143
Dun Laoghaire,2009-May,53
Fingal,2009-May,89
Galway,2009-May,99
Kerry,2009-May,66
Kildare,2009-May,117
Kilkenny,2009-May,40
Laois,2009-May,47
Leitrim,2009-May,20
Limerick,2009-May,84
Longford,2009-May,28
Louth,2009-May,92
Mayo,2009-May,96
Meath,2009-May,93
Monaghan,2009-May,39
North Tipperary,2009-May,40
Offaly,2009-May,26
Roscommon,2009-May,31
Sligo,2009-May,44
South Dublin,2009-May,32
South Tipperary,2009-May,20
Waterford,2009-May,36
Westmeath,2009-May,26
Wexford,2009-May,85
Wicklow,2009-May,47
Cork_City,2009-May,72
Dublin_City,2009-May,118
Galway_City,2009-May,29
Limerick_City,2009-May,3
Waterford_City,2009-May,20
Carlow,2009-Jun,55
Cavan,2009-Jun,39
Clare,2009-Jun,43
Cork,2009-Jun,240
Donegal,2009-Jun,146
Dun Laoghaire,2009-Jun,40
Fingal,2009-Jun,113
Galway,2009-Jun,81
Kerry,2009-Jun,70
Kildare,2009-Jun,85
Kilkenny,2009-Jun,32
Laois,2009-Jun,49
Leitrim,2009-Jun,19
Limerick,2009-Jun,41
Longford,2009-Jun,12
Louth,2009-Jun,67
Mayo,2009-Jun,74
Meath,2009-Jun,70
Monaghan,2009-Jun,33
North Tipperary,2009-Jun,52
Offaly,2009-Jun,32
Roscommon,2009-Jun,45
Sligo,2009-Jun,47
South Dublin,2009-Jun,96
South Tipperary,2009-Jun,46
Waterford,2009-Jun,36
Westmeath,2009-Jun,34
Wexford,2009-Jun,118
Wicklow,2009-Jun,60
Cork_City,2009-Jun,31
Dublin_City,2009-Jun,168
Galway_City,2009-Jun,27
Limerick_City,2009-Jun,4
Waterford_City,2009-Jun,12
Carlow,2009-Jul,26
Cavan,2009-Jul,42
Clare,2009-Jul,77
Cork,2009-Jul,232
Donegal,2009-Jul,150
Dun Laoghaire,2009-Jul,40
Fingal,2009-Jul,186
Galway,2009-Jul,114
Kerry,2009-Jul,117
Kildare,2009-Jul,54
Kilkenny,2009-Jul,47
Laois,2009-Jul,42
Leitrim,2009-Jul,32
Limerick,2009-Jul,47
Longford,2009-Jul,11
Louth,2009-Jul,66
Mayo,2009-Jul,79
Meath,2009-Jul,87
Monaghan,2009-Jul,39
North Tipperary,2009-Jul,51
Offaly,2009-Jul,28
Roscommon,2009-Jul,24
Sligo,2009-Jul,55
South Dublin,2009-Jul,108
South Tipperary,2009-Jul,47
Waterford,2009-Jul,42
Westmeath,2009-Jul,33
Wexford,2009-Jul,74
Wicklow,2009-Jul,75
Cork_City,2009-Jul,75
Dublin_City,2009-Jul,220
Galway_City,2009-Jul,19
Limerick_City,2009-Jul,3
Waterford_City,2009-Jul,12
Carlow,2009-Aug,20
Cavan,2009-Aug,37
Clare,2009-Aug,43
Cork,2009-Aug,154
Donegal,2009-Aug,91
Dun Laoghaire,2009-Aug,13
Fingal,2009-Aug,68
Galway,2009-Aug,76
Kerry,2009-Aug,53
Kildare,2009-Aug,72
Kilkenny,2009-Aug,27
Laois,2009-Aug,29
Leitrim,2009-Aug,18
Limerick,2009-Aug,42
Longford,2009-Aug,14
Louth,2009-Aug,33
Mayo,2009-Aug,89
Meath,2009-Aug,76
Monaghan,2009-Aug,31
North Tipperary,2009-Aug,26
Offaly,2009-Aug,34
Roscommon,2009-Aug,23
Sligo,2009-Aug,17
South Dublin,2009-Aug,27
South Tipperary,2009-Aug,17
Waterford,2009-Aug,40
Westmeath,2009-Aug,35
Wexford,2009-Aug,64
Wicklow,2009-Aug,46
Cork_City,2009-Aug,11
Dublin_City,2009-Aug,296
Galway_City,2009-Aug,2
Limerick_City,2009-Aug,0
Waterford_City,2009-Aug,4
Carlow,2009-Sept,29
Cavan,2009-Sept,63
Clare,2009-Sept,43
Cork,2009-Sept,197
Donegal,2009-Sept,159
Dun Laoghaire,2009-Sept,80
Fingal,2009-Sept,104
Galway,2009-Sept,99
Kerry,2009-Sept,61
Kildare,2009-Sept,87
Kilkenny,2009-Sept,38
Laois,2009-Sept,19
Leitrim,2009-Sept,20
Limerick,2009-Sept,43
Longford,2009-Sept,19
Louth,2009-Sept,60
Mayo,2009-Sept,99
Meath,2009-Sept,123
Monaghan,2009-Sept,41
North Tipperary,2009-Sept,29
Offaly,2009-Sept,32
Roscommon,2009-Sept,30
Sligo,2009-Sept,41
South Dublin,2009-Sept,48
South Tipperary,2009-Sept,43
Waterford,2009-Sept,36
Westmeath,2009-Sept,51
Wexford,2009-Sept,96
Wicklow,2009-Sept,42
Cork_City,2009-Sept,95
Dublin_City,2009-Sept,113
Galway_City,2009-Sept,27
Limerick_City,2009-Sept,11
Waterford_City,2009-Sept,18
Carlow,2009-Oct,53
Cavan,2009-Oct,58
Clare,2009-Oct,53
Cork,2009-Oct,166
Donegal,2009-Oct,100
Dun Laoghaire,2009-Oct,80
Fingal,2009-Oct,99
Galway,2009-Oct,93
Kerry,2009-Oct,55
Kildare,2009-Oct,92
Kilkenny,2009-Oct,33
Laois,2009-Oct,34
Leitrim,2009-Oct,20
Limerick,2009-Oct,49
Longford,2009-Oct,31
Louth,2009-Oct,34
Mayo,2009-Oct,85
Meath,2009-Oct,79
Monaghan,2009-Oct,42
North Tipperary,2009-Oct,75
Offaly,2009-Oct,29
Roscommon,2009-Oct,36
Sligo,2009-Oct,42
South Dublin,2009-Oct,52
South Tipperary,2009-Oct,28
Waterford,2009-Oct,28
Westmeath,2009-Oct,27
Wexford,2009-Oct,66
Wicklow,2009-Oct,60
Cork_City,2009-Oct,30
Dublin_City,2009-Oct,260
Galway_City,2009-Oct,5
Limerick_City,2009-Oct,1
Waterford_City,2009-Oct,2
Carlow,2009-Nov,35
Cavan,2009-Nov,30
Clare,2009-Nov,67
Cork,2009-Nov,252
Donegal,2009-Nov,156
Dun Laoghaire,2009-Nov,100
Fingal,2009-Nov,82
Galway,2009-Nov,127
Kerry,2009-Nov,63
Kildare,2009-Nov,76
Kilkenny,2009-Nov,35
Laois,2009-Nov,53
Leitrim,2009-Nov,7
Limerick,2009-Nov,61
Longford,2009-Nov,44
Louth,2009-Nov,77
Mayo,2009-Nov,54
Meath,2009-Nov,67
Monaghan,2009-Nov,28
North Tipperary,2009-Nov,68
Offaly,2009-Nov,24
Roscommon,2009-Nov,36
Sligo,2009-Nov,21
South Dublin,2009-Nov,31
South Tipperary,2009-Nov,29
Waterford,2009-Nov,39
Westmeath,2009-Nov,58
Wexford,2009-Nov,78
Wicklow,2009-Nov,46
Cork_City,2009-Nov,21
Dublin_City,2009-Nov,136
Galway_City,2009-Nov,19
Limerick_City,2009-Nov,6
Waterford_City,2009-Nov,7
Carlow,2009-Dec,24
Cavan,2009-Dec,62
Clare,2009-Dec,56
Cork,2009-Dec,206
Donegal,2009-Dec,178
Dun Laoghaire,2009-Dec,59
Fingal,2009-Dec,91
Galway,2009-Dec,99
Kerry,2009-Dec,99
Kildare,2009-Dec,83
Kilkenny,2009-Dec,38
Laois,2009-Dec,46
Leitrim,2009-Dec,12
Limerick,2009-Dec,56
Longford,2009-Dec,18
Louth,2009-Dec,76
Mayo,2009-Dec,78
Meath,2009-Dec,85
Monaghan,2009-Dec,39
North Tipperary,2009-Dec,92
Offaly,2009-Dec,32
Roscommon,2009-Dec,23
Sligo,2009-Dec,14
South Dublin,2009-Dec,38
South Tipperary,2009-Dec,46
Waterford,2009-Dec,31
Westmeath,2009-Dec,35
Wexford,2009-Dec,86
Wicklow,2009-Dec,48
Cork_City,2009-Dec,36
Dublin_City,2009-Dec,129
Galway_City,2009-Dec,6
Limerick_City,2009-Dec,12
Waterford_City,2009-Dec,0
Carlow,2010-Jan,16
Cavan,2010-Jan,19
Clare,2010-Jan,21
Cork,2010-Jan,93
Donegal,2010-Jan,57
Dun Laoghaire,2010-Jan,51
Fingal,2010-Jan,75
Galway,2010-Jan,56
Kerry,2010-Jan,23
Kildare,2010-Jan,44
Kilkenny,2010-Jan,25
Laois,2010-Jan,17
Leitrim,2010-Jan,6
Limerick,2010-Jan,31
Longford,2010-Jan,10
Louth,2010-Jan,98
Mayo,2010-Jan,43
Meath,2010-Jan,36
Monaghan,2010-Jan,14
North Tipperary,2010-Jan,22
Offaly,2010-Jan,17
Roscommon,2010-Jan,30
Sligo,2010-Jan,33
South Dublin,2010-Jan,29
South Tipperary,2010-Jan,21
Waterford,2010-Jan,73
Westmeath,2010-Jan,20
Wexford,2010-Jan,39
Wicklow,2010-Jan,40
Cork_City,2010-Jan,19
Dublin_City,2010-Jan,119
Galway_City,2010-Jan,5
Limerick_City,2010-Jan,2
Waterford_City,2010-Jan,3
Carlow,2010-Feb,13
Cavan,2010-Feb,33
Clare,2010-Feb,49
Cork,2010-Feb,128
Donegal,2010-Feb,64
Dun Laoghaire,2010-Feb,29
Fingal,2010-Feb,36
Galway,2010-Feb,102
Kerry,2010-Feb,47
Kildare,2010-Feb,63
Kilkenny,2010-Feb,22
Laois,2010-Feb,20
Leitrim,2010-Feb,23
Limerick,2010-Feb,35
Longford,2010-Feb,16
Louth,2010-Feb,31
Mayo,2010-Feb,42
Meath,2010-Feb,54
Monaghan,2010-Feb,16
North Tipperary,2010-Feb,24
Offaly,2010-Feb,13
Roscommon,2010-Feb,44
Sligo,2010-Feb,20
South Dublin,2010-Feb,30
South Tipperary,2010-Feb,33
Waterford,2010-Feb,22
Westmeath,2010-Feb,25
Wexford,2010-Feb,66
Wicklow,2010-Feb,25
Cork_City,2010-Feb,8
Dublin_City,2010-Feb,113
Galway_City,2010-Feb,5
Limerick_City,2010-Feb,3
Waterford_City,2010-Feb,4
Carlow,2010-Mar,12
Cavan,2010-Mar,26
Clare,2010-Mar,57
Cork,2010-Mar,209
Donegal,2010-Mar,91
Dun Laoghaire,2010-Mar,12
Fingal,2010-Mar,67
Galway,2010-Mar,67
Kerry,2010-Mar,53
Kildare,2010-Mar,40
Kilkenny,2010-Mar,34
Laois,2010-Mar,21
Leitrim,2010-Mar,16
Limerick,2010-Mar,46
Longford,2010-Mar,13
Louth,2010-Mar,19
Mayo,2010-Mar,60
Meath,2010-Mar,45
Monaghan,2010-Mar,15
North Tipperary,2010-Mar,41
Offaly,2010-Mar,15
Roscommon,2010-Mar,22
Sligo,2010-Mar,17
South Dublin,2010-Mar,42
South Tipperary,2010-Mar,21
Waterford,2010-Mar,22
Westmeath,2010-Mar,20
Wexford,2010-Mar,62
Wicklow,2010-Mar,37
Cork_City,2010-Mar,4
Dublin_City,2010-Mar,80
Galway_City,2010-Mar,4
Limerick_City,2010-Mar,2
Waterford_City,2010-Mar,2
Carlow,2010-Apr,18
Cavan,2010-Apr,20
Clare,2010-Apr,117
Cork,2010-Apr,145
Donegal,2010-Apr,60
Dun Laoghaire,2010-Apr,24
Fingal,2010-Apr,20
Galway,2010-Apr,70
Kerry,2010-Apr,62
Kildare,2010-Apr,41
Kilkenny,2010-Apr,28
Laois,2010-Apr,19
Leitrim,2010-Apr,11
Limerick,2010-Apr,33
Longford,2010-Apr,8
Louth,2010-Apr,30
Mayo,2010-Apr,47
Meath,2010-Apr,45
Monaghan,2010-Apr,27
North Tipperary,2010-Apr,28
Offaly,2010-Apr,22
Roscommon,2010-Apr,32
Sligo,2010-Apr,14
South Dublin,2010-Apr,7
South Tipperary,2010-Apr,15
Waterford,2010-Apr,29
Westmeath,2010-Apr,26
Wexford,2010-Apr,48
Wicklow,2010-Apr,44
Cork_City,2010-Apr,15
Dublin_City,2010-Apr,56
Galway_City,2010-Apr,2
Limerick_City,2010-Apr,2
Waterford_City,2010-Apr,1
Carlow,2010-May,17
Cavan,2010-May,28
Clare,2010-May,100
Cork,2010-May,162
Donegal,2010-May,59
Dun Laoghaire,2010-May,18
Fingal,2010-May,41
Galway,2010-May,59
Kerry,2010-May,62
Kildare,2010-May,51
Kilkenny,2010-May,32
Laois,2010-May,9
Leitrim,2010-May,17
Limerick,2010-May,30
Longford,2010-May,6
Louth,2010-May,35
Mayo,2010-May,50
Meath,2010-May,41
Monaghan,2010-May,19
North Tipperary,2010-May,13
Offaly,2010-May,16
Roscommon,2010-May,17
Sligo,2010-May,11
South Dublin,2010-May,20
South Tipperary,2010-May,17
Waterford,2010-May,27
Westmeath,2010-May,32
Wexford,2010-May,64
Wicklow,2010-May,27
Cork_City,2010-May,21
Dublin_City,2010-May,74
Galway_City,2010-May,7
Limerick_City,2010-May,2
Waterford_City,2010-May,3
Carlow,2010-Jun,8
Cavan,2010-Jun,36
Clare,2010-Jun,34
Cork,2010-Jun,119
Donegal,2010-Jun,54
Dun Laoghaire,2010-Jun,15
Fingal,2010-Jun,28
Galway,2010-Jun,56
Kerry,2010-Jun,70
Kildare,2010-Jun,46
Kilkenny,2010-Jun,43
Laois,2010-Jun,12
Leitrim,2010-Jun,13
Limerick,2010-Jun,35
Longford,2010-Jun,3
Louth,2010-Jun,31
Mayo,2010-Jun,57
Meath,2010-Jun,31
Monaghan,2010-Jun,20
North Tipperary,2010-Jun,24
Offaly,2010-Jun,18
Roscommon,2010-Jun,16
Sligo,2010-Jun,9
South Dublin,2010-Jun,23
South Tipperary,2010-Jun,19
Waterford,2010-Jun,19
Westmeath,2010-Jun,24
Wexford,2010-Jun,46
Wicklow,2010-Jun,40
Cork_City,2010-Jun,32
Dublin_City,2010-Jun,56
Galway_City,2010-Jun,10
Limerick_City,2010-Jun,7
Waterford_City,2010-Jun,4
Carlow,2010-Jul,9
Cavan,2010-Jul,14
Clare,2010-Jul,31
Cork,2010-Jul,179
Donegal,2010-Jul,70
Dun Laoghaire,2010-Jul,13
Fingal,2010-Jul,28
Galway,2010-Jul,57
Kerry,2010-Jul,44
Kildare,2010-Jul,56
Kilkenny,2010-Jul,39
Laois,2010-Jul,24
Leitrim,2010-Jul,11
Limerick,2010-Jul,33
Longford,2010-Jul,8
Louth,2010-Jul,22
Mayo,2010-Jul,45
Meath,2010-Jul,57
Monaghan,2010-Jul,13
North Tipperary,2010-Jul,33
Offaly,2010-Jul,29
Roscommon,2010-Jul,42
Sligo,2010-Jul,20
South Dublin,2010-Jul,66
South Tipperary,2010-Jul,27
Waterford,2010-Jul,26
Westmeath,2010-Jul,24
Wexford,2010-Jul,66
Wicklow,2010-Jul,40
Cork_City,2010-Jul,15
Dublin_City,2010-Jul,55
Galway_City,2010-Jul,6
Limerick_City,2010-Jul,10
Waterford_City,2010-Jul,1
Carlow,2010-Aug,13
Cavan,2010-Aug,11
Clare,2010-Aug,40
Cork,2010-Aug,135
Donegal,2010-Aug,48
Dun Laoghaire,2010-Aug,38
Fingal,2010-Aug,49
Galway,2010-Aug,54
Kerry,2010-Aug,31
Kildare,2010-Aug,60
Kilkenny,2010-Aug,23
Laois,2010-Aug,30
Leitrim,2010-Aug,8
Limerick,2010-Aug,40
Longford,2010-Aug,13
Louth,2010-Aug,22
Mayo,2010-Aug,47
Meath,2010-Aug,67
Monaghan,2010-Aug,16
North Tipperary,2010-Aug,18
Offaly,2010-Aug,24
Roscommon,2010-Aug,26
Sligo,2010-Aug,29
South Dublin,2010-Aug,35
South Tipperary,2010-Aug,19
Waterford,2010-Aug,33
Westmeath,2010-Aug,19
Wexford,2010-Aug,93
Wicklow,2010-Aug,22
Cork_City,2010-Aug,26
Dublin_City,2010-Aug,25
Galway_City,2010-Aug,4
Limerick_City,2010-Aug,1
Waterford_City,2010-Aug,11
Carlow,2010-Sept,18
Cavan,2010-Sept,24
Clare,2010-Sept,29
Cork,2010-Sept,140
Donegal,2010-Sept,70
Dun Laoghaire,2010-Sept,83
Fingal,2010-Sept,40
Galway,2010-Sept,75
Kerry,2010-Sept,44
Kildare,2010-Sept,76
Kilkenny,2010-Sept,22
Laois,2010-Sept,14
Leitrim,2010-Sept,11
Limerick,2010-Sept,28
Longford,2010-Sept,18
Louth,2010-Sept,22
Mayo,2010-Sept,65
Meath,2010-Sept,81
Monaghan,2010-Sept,13
North Tipperary,2010-Sept,29
Offaly,2010-Sept,28
Roscommon,2010-Sept,34
Sligo,2010-Sept,31
South Dublin,2010-Sept,16
South Tipperary,2010-Sept,22
Waterford,2010-Sept,23
Westmeath,2010-Sept,17
Wexford,2010-Sept,43
Wicklow,2010-Sept,40
Cork_City,2010-Sept,14
Dublin_City,2010-Sept,59
Galway_City,2010-Sept,10
Limerick_City,2010-Sept,9
Waterford_City,2010-Sept,2
Carlow,2010-Oct,29
Cavan,2010-Oct,19
Clare,2010-Oct,32
Cork,2010-Oct,94
Donegal,2010-Oct,52
Dun Laoghaire,2010-Oct,76
Fingal,2010-Oct,65
Galway,2010-Oct,64
Kerry,2010-Oct,39
Kildare,2010-Oct,43
Kilkenny,2010-Oct,27
Laois,2010-Oct,14
Leitrim,2010-Oct,12
Limerick,2010-Oct,59
Longford,2010-Oct,11
Louth,2010-Oct,38
Mayo,2010-Oct,61
Meath,2010-Oct,37
Monaghan,2010-Oct,15
North Tipperary,2010-Oct,22
Offaly,2010-Oct,26
Roscommon,2010-Oct,16
Sligo,2010-Oct,16
South Dublin,2010-Oct,17
South Tipperary,2010-Oct,45
Waterford,2010-Oct,15
Westmeath,2010-Oct,56
Wexford,2010-Oct,44
Wicklow,2010-Oct,31
Cork_City,2010-Oct,24
Dublin_City,2010-Oct,68
Galway_City,2010-Oct,2
Limerick_City,2010-Oct,2
Waterford_City,2010-Oct,40
Carlow,2010-Nov,50
Cavan,2010-Nov,41
Clare,2010-Nov,40
Cork,2010-Nov,177
Donegal,2010-Nov,105
Dun Laoghaire,2010-Nov,10
Fingal,2010-Nov,58
Galway,2010-Nov,82
Kerry,2010-Nov,33
Kildare,2010-Nov,54
Kilkenny,2010-Nov,30
Laois,2010-Nov,33
Leitrim,2010-Nov,11
Limerick,2010-Nov,36
Longford,2010-Nov,31
Louth,2010-Nov,30
Mayo,2010-Nov,58
Meath,2010-Nov,66
Monaghan,2010-Nov,21
North Tipperary,2010-Nov,25
Offaly,2010-Nov,21
Roscommon,2010-Nov,22
Sligo,2010-Nov,12
South Dublin,2010-Nov,80
South Tipperary,2010-Nov,22
Waterford,2010-Nov,23
Westmeath,2010-Nov,45
Wexford,2010-Nov,55
Wicklow,2010-Nov,33
Cork_City,2010-Nov,25
Dublin_City,2010-Nov,151
Galway_City,2010-Nov,11
Limerick_City,2010-Nov,2
Waterford_City,2010-Nov,33
Carlow,2010-Dec,27
Cavan,2010-Dec,25
Clare,2010-Dec,42
Cork,2010-Dec,117
Donegal,2010-Dec,95
Dun Laoghaire,2010-Dec,15
Fingal,2010-Dec,33
Galway,2010-Dec,83
Kerry,2010-Dec,38
Kildare,2010-Dec,41
Kilkenny,2010-Dec,18
Laois,2010-Dec,23
Leitrim,2010-Dec,3
Limerick,2010-Dec,29
Longford,2010-Dec,15
Louth,2010-Dec,26
Mayo,2010-Dec,42
Meath,2010-Dec,59
Monaghan,2010-Dec,19
North Tipperary,2010-Dec,23
Offaly,2010-Dec,23
Roscommon,2010-Dec,18
Sligo,2010-Dec,11
South Dublin,2010-Dec,40
South Tipperary,2010-Dec,30
Waterford,2010-Dec,20
Westmeath,2010-Dec,26
Wexford,2010-Dec,33
Wicklow,2010-Dec,15
Cork_City,2010-Dec,39
Dublin_City,2010-Dec,55
Galway_City,2010-Dec,11
Limerick_City,2010-Dec,2
Waterford_City,2010-Dec,6
Carlow,2011-Jan,10
Cavan,2011-Jan,32
Clare,2011-Jan,19
Cork,2011-Jan,129
Donegal,2011-Jan,41
Dun Laoghaire,2011-Jan,16
Fingal,2011-Jan,21
Galway,2011-Jan,42
Kerry,2011-Jan,16
Kildare,2011-Jan,25
Kilkenny,2011-Jan,10
Laois,2011-Jan,9
Leitrim,2011-Jan,30
Limerick,2011-Jan,13
Longford,2011-Jan,8
Louth,2011-Jan,30
Mayo,2011-Jan,36
Meath,2011-Jan,26
Monaghan,2011-Jan,12
North Tipperary,2011-Jan,8
Offaly,2011-Jan,12
Roscommon,2011-Jan,13
Sligo,2011-Jan,23
South Dublin,2011-Jan,30
South Tipperary,2011-Jan,4
Waterford,2011-Jan,28
Westmeath,2011-Jan,7
Wexford,2011-Jan,22
Wicklow,2011-Jan,26
Cork_City,2011-Jan,2
Dublin_City,2011-Jan,82
Galway_City,2011-Jan,11
Limerick_City,2011-Jan,0
Waterford_City,2011-Jan,41
Carlow,2011-Feb,10
Cavan,2011-Feb,17
Clare,2011-Feb,28
Cork,2011-Feb,85
Donegal,2011-Feb,56
Dun Laoghaire,2011-Feb,15
Fingal,2011-Feb,93
Galway,2011-Feb,50
Kerry,2011-Feb,30
Kildare,2011-Feb,32
Kilkenny,2011-Feb,21
Laois,2011-Feb,17
Leitrim,2011-Feb,23
Limerick,2011-Feb,21
Longford,2011-Feb,8
Louth,2011-Feb,19
Mayo,2011-Feb,32
Meath,2011-Feb,32
Monaghan,2011-Feb,11
North Tipperary,2011-Feb,19
Offaly,2011-Feb,12
Roscommon,2011-Feb,16
Sligo,2011-Feb,34
South Dublin,2011-Feb,16
South Tipperary,2011-Feb,13
Waterford,2011-Feb,11
Westmeath,2011-Feb,21
Wexford,2011-Feb,38
Wicklow,2011-Feb,34
Cork_City,2011-Feb,15
Dublin_City,2011-Feb,32
Galway_City,2011-Feb,12
Limerick_City,2011-Feb,2
Waterford_City,2011-Feb,5
Carlow,2011-Mar,6
Cavan,2011-Mar,40
Clare,2011-Mar,27
Cork,2011-Mar,149
Donegal,2011-Mar,62
Dun Laoghaire,2011-Mar,36
Fingal,2011-Mar,69
Galway,2011-Mar,60
Kerry,2011-Mar,39
Kildare,2011-Mar,95
Kilkenny,2011-Mar,18
Laois,2011-Mar,19
Leitrim,2011-Mar,10
Limerick,2011-Mar,25
Longford,2011-Mar,3
Louth,2011-Mar,21
Mayo,2011-Mar,24
Meath,2011-Mar,39
Monaghan,2011-Mar,14
North Tipperary,2011-Mar,17
Offaly,2011-Mar,13
Roscommon,2011-Mar,22
Sligo,2011-Mar,17
South Dublin,2011-Mar,12
South Tipperary,2011-Mar,22
Waterford,2011-Mar,18
Westmeath,2011-Mar,21
Wexford,2011-Mar,36
Wicklow,2011-Mar,26
Cork_City,2011-Mar,12
Dublin_City,2011-Mar,60
Galway_City,2011-Mar,6
Limerick_City,2011-Mar,4
Waterford_City,2011-Mar,10
Carlow,2011-Apr,8
Cavan,2011-Apr,19
Clare,2011-Apr,16
Cork,2011-Apr,99
Donegal,2011-Apr,48
Dun Laoghaire,2011-Apr,34
Fingal,2011-Apr,110
Galway,2011-Apr,45
Kerry,2011-Apr,29
Kildare,2011-Apr,26
Kilkenny,2011-Apr,17
Laois,2011-Apr,17
Leitrim,2011-Apr,4
Limerick,2011-Apr,25
Longford,2011-Apr,10
Louth,2011-Apr,15
Mayo,2011-Apr,25
Meath,2011-Apr,26
Monaghan,2011-Apr,4
North Tipperary,2011-Apr,20
Offaly,2011-Apr,20
Roscommon,2011-Apr,27
Sligo,2011-Apr,19
South Dublin,2011-Apr,10
South Tipperary,2011-Apr,13
Waterford,2011-Apr,16
Westmeath,2011-Apr,25
Wexford,2011-Apr,42
Wicklow,2011-Apr,18
Cork_City,2011-Apr,14
Dublin_City,2011-Apr,47
Galway_City,2011-Apr,10
Limerick_City,2011-Apr,3
Waterford_City,2011-Apr,2
Carlow,2011-May,6
Cavan,2011-May,18
Clare,2011-May,26
Cork,2011-May,100
Donegal,2011-May,55
Dun Laoghaire,2011-May,30
Fingal,2011-May,27
Galway,2011-May,46
Kerry,2011-May,27
Kildare,2011-May,27
Kilkenny,2011-May,15
Laois,2011-May,23
Leitrim,2011-May,7
Limerick,2011-May,19
Longford,2011-May,3
Louth,2011-May,17
Mayo,2011-May,26
Meath,2011-May,31
Monaghan,2011-May,14
North Tipperary,2011-May,33
Offaly,2011-May,15
Roscommon,2011-May,13
Sligo,2011-May,16
South Dublin,2011-May,8
South Tipperary,2011-May,33
Waterford,2011-May,17
Westmeath,2011-May,16
Wexford,2011-May,39
Wicklow,2011-May,10
Cork_City,2011-May,10
Dublin_City,2011-May,75
Galway_City,2011-May,5
Limerick_City,2011-May,1
Waterford_City,2011-May,6
Carlow,2011-Jun,23
Cavan,2011-Jun,19
Clare,2011-Jun,24
Cork,2011-Jun,95
Donegal,2011-Jun,82
Dun Laoghaire,2011-Jun,16
Fingal,2011-Jun,56
Galway,2011-Jun,62
Kerry,2011-Jun,44
Kildare,2011-Jun,14
Kilkenny,2011-Jun,26
Laois,2011-Jun,13
Leitrim,2011-Jun,9
Limerick,2011-Jun,28
Longford,2011-Jun,17
Louth,2011-Jun,37
Mayo,2011-Jun,26
Meath,2011-Jun,34
Monaghan,2011-Jun,12
North Tipperary,2011-Jun,33
Offaly,2011-Jun,10
Roscommon,2011-Jun,32
Sligo,2011-Jun,11
South Dublin,2011-Jun,6
South Tipperary,2011-Jun,17
Waterford,2011-Jun,11
Westmeath,2011-Jun,18
Wexford,2011-Jun,30
Wicklow,2011-Jun,20
Cork_City,2011-Jun,5
Dublin_City,2011-Jun,46
Galway_City,2011-Jun,6
Limerick_City,2011-Jun,0
Waterford_City,2011-Jun,2
Carlow,2011-Jul,41
Cavan,2011-Jul,20
Clare,2011-Jul,23
Cork,2011-Jul,90
Donegal,2011-Jul,50
Dun Laoghaire,2011-Jul,3
Fingal,2011-Jul,30
Galway,2011-Jul,47
Kerry,2011-Jul,35
Kildare,2011-Jul,26
Kilkenny,2011-Jul,44
Laois,2011-Jul,15
Leitrim,2011-Jul,11
Limerick,2011-Jul,27
Longford,2011-Jul,5
Louth,2011-Jul,17
Mayo,2011-Jul,73
Meath,2011-Jul,30
Monaghan,2011-Jul,15
North Tipperary,2011-Jul,15
Offaly,2011-Jul,17
Roscommon,2011-Jul,21
Sligo,2011-Jul,33
South Dublin,2011-Jul,7
South Tipperary,2011-Jul,19
Waterford,2011-Jul,8
Westmeath,2011-Jul,20
Wexford,2011-Jul,45
Wicklow,2011-Jul,22
Cork_City,2011-Jul,24
Dublin_City,2011-Jul,25
Galway_City,2011-Jul,1
Limerick_City,2011-Jul,11
Waterford_City,2011-Jul,3
Carlow,2011-Aug,17
Cavan,2011-Aug,28
Clare,2011-Aug,20
Cork,2011-Aug,113
Donegal,2011-Aug,42
Dun Laoghaire,2011-Aug,8
Fingal,2011-Aug,69
Galway,2011-Aug,38
Kerry,2011-Aug,27
Kildare,2011-Aug,23
Kilkenny,2011-Aug,35
Laois,2011-Aug,16
Leitrim,2011-Aug,3
Limerick,2011-Aug,21
Longford,2011-Aug,3
Louth,2011-Aug,19
Mayo,2011-Aug,39
Meath,2011-Aug,33
Monaghan,2011-Aug,16
North Tipperary,2011-Aug,23
Offaly,2011-Aug,22
Roscommon,2011-Aug,11
Sligo,2011-Aug,14
South Dublin,2011-Aug,8
South Tipperary,2011-Aug,16
Waterford,2011-Aug,10
Westmeath,2011-Aug,22
Wexford,2011-Aug,37
Wicklow,2011-Aug,23
Cork_City,2011-Aug,12
Dublin_City,2011-Aug,21
Galway_City,2011-Aug,0
Limerick_City,2011-Aug,10
Waterford_City,2011-Aug,3
Carlow,2011-Sept,9
Cavan,2011-Sept,24
Clare,2011-Sept,25
Cork,2011-Sept,121
Donegal,2011-Sept,42
Dun Laoghaire,2011-Sept,6
Fingal,2011-Sept,73
Galway,2011-Sept,68
Kerry,2011-Sept,42
Kildare,2011-Sept,18
Kilkenny,2011-Sept,31
Laois,2011-Sept,18
Leitrim,2011-Sept,10
Limerick,2011-Sept,18
Longford,2011-Sept,10
Louth,2011-Sept,25
Mayo,2011-Sept,70
Meath,2011-Sept,30
Monaghan,2011-Sept,18
North Tipperary,2011-Sept,22
Offaly,2011-Sept,8
Roscommon,2011-Sept,14
Sligo,2011-Sept,16
South Dublin,2011-Sept,9
South Tipperary,2011-Sept,15
Waterford,2011-Sept,16
Westmeath,2011-Sept,21
Wexford,2011-Sept,54
Wicklow,2011-Sept,36
Cork_City,2011-Sept,5
Dublin_City,2011-Sept,23
Galway_City,2011-Sept,8
Limerick_City,2011-Sept,5
Waterford_City,2011-Sept,5
Carlow,2011-Oct,29
Cavan,2011-Oct,13
Clare,2011-Oct,32
Cork,2011-Oct,101
Donegal,2011-Oct,49
Dun Laoghaire,2011-Oct,5
Fingal,2011-Oct,44
Galway,2011-Oct,37
Kerry,2011-Oct,26
Kildare,2011-Oct,32
Kilkenny,2011-Oct,21
Laois,2011-Oct,14
Leitrim,2011-Oct,1
Limerick,2011-Oct,22
Longford,2011-Oct,8
Louth,2011-Oct,18
Mayo,2011-Oct,29
Meath,2011-Oct,28
Monaghan,2011-Oct,17
North Tipperary,2011-Oct,20
Offaly,2011-Oct,16
Roscommon,2011-Oct,14
Sligo,2011-Oct,14
South Dublin,2011-Oct,20
South Tipperary,2011-Oct,12
Waterford,2011-Oct,19
Westmeath,2011-Oct,11
Wexford,2011-Oct,35
Wicklow,2011-Oct,22
Cork_City,2011-Oct,14
Dublin_City,2011-Oct,46
Galway_City,2011-Oct,1
Limerick_City,2011-Oct,1
Waterford_City,2011-Oct,4
Carlow,2011-Nov,17
Cavan,2011-Nov,28
Clare,2011-Nov,32
Cork,2011-Nov,135
Donegal,2011-Nov,45
Dun Laoghaire,2011-Nov,12
Fingal,2011-Nov,40
Galway,2011-Nov,58
Kerry,2011-Nov,25
Kildare,2011-Nov,40
Kilkenny,2011-Nov,20
Laois,2011-Nov,29
Leitrim,2011-Nov,9
Limerick,2011-Nov,49
Longford,2011-Nov,5
Louth,2011-Nov,19
Mayo,2011-Nov,43
Meath,2011-Nov,35
Monaghan,2011-Nov,18
North Tipperary,2011-Nov,24
Offaly,2011-Nov,22
Roscommon,2011-Nov,14
Sligo,2011-Nov,18
South Dublin,2011-Nov,25
South Tipperary,2011-Nov,16
Waterford,2011-Nov,16
Westmeath,2011-Nov,15
Wexford,2011-Nov,34
Wicklow,2011-Nov,28
Cork_City,2011-Nov,9
Dublin_City,2011-Nov,48
Galway_City,2011-Nov,6
Limerick_City,2011-Nov,3
Waterford_City,2011-Nov,1
Carlow,2011-Dec,13
Cavan,2011-Dec,14
Clare,2011-Dec,22
Cork,2011-Dec,115
Donegal,2011-Dec,38
Dun Laoghaire,2011-Dec,11
Fingal,2011-Dec,30
Galway,2011-Dec,67
Kerry,2011-Dec,47
Kildare,2011-Dec,49
Kilkenny,2011-Dec,32
Laois,2011-Dec,15
Leitrim,2011-Dec,8
Limerick,2011-Dec,36
Longford,2011-Dec,9
Louth,2011-Dec,20
Mayo,2011-Dec,47
Meath,2011-Dec,25
Monaghan,2011-Dec,13
North Tipperary,2011-Dec,22
Offaly,2011-Dec,20
Roscommon,2011-Dec,15
Sligo,2011-Dec,9
South Dublin,2011-Dec,9
South Tipperary,2011-Dec,13
Waterford,2011-Dec,26
Westmeath,2011-Dec,15
Wexford,2011-Dec,23
Wicklow,2011-Dec,19
Cork_City,2011-Dec,5
Dublin_City,2011-Dec,52
Galway_City,2011-Dec,6
Limerick_City,2011-Dec,3
Waterford_City,2011-Dec,2
Carlow,2012-Jan,7
Cavan,2012-Jan,9
Clare,2012-Jan,37
Cork,2012-Jan,69
Donegal,2012-Jan,57
Dun Laoghaire,2012-Jan,2
Fingal,2012-Jan,22
Galway,2012-Jan,41
Kerry,2012-Jan,15
Kildare,2012-Jan,21
Kilkenny,2012-Jan,8
Laois,2012-Jan,9
Leitrim,2012-Jan,11
Limerick,2012-Jan,11
Longford,2012-Jan,3
Louth,2012-Jan,14
Mayo,2012-Jan,15
Meath,2012-Jan,22
Monaghan,2012-Jan,15
North Tipperary,2012-Jan,13
Offaly,2012-Jan,11
Roscommon,2012-Jan,14
Sligo,2012-Jan,28
South Dublin,2012-Jan,49
South Tipperary,2012-Jan,7
Waterford,2012-Jan,10
Westmeath,2012-Jan,13
Wexford,2012-Jan,17
Wicklow,2012-Jan,11
Cork_City,2012-Jan,5
Dublin_City,2012-Jan,53
Galway_City,2012-Jan,1
Limerick_City,2012-Jan,1
Waterford_City,2012-Jan,6
Carlow,2012-Feb,12
Cavan,2012-Feb,12
Clare,2012-Feb,20
Cork,2012-Feb,71
Donegal,2012-Feb,60
Dun Laoghaire,2012-Feb,9
Fingal,2012-Feb,23
Galway,2012-Feb,32
Kerry,2012-Feb,34
Kildare,2012-Feb,40
Kilkenny,2012-Feb,13
Laois,2012-Feb,18
Leitrim,2012-Feb,5
Limerick,2012-Feb,14
Longford,2012-Feb,7
Louth,2012-Feb,11
Mayo,2012-Feb,18
Meath,2012-Feb,26
Monaghan,2012-Feb,33
North Tipperary,2012-Feb,18
Offaly,2012-Feb,11
Roscommon,2012-Feb,14
Sligo,2012-Feb,34
South Dublin,2012-Feb,8
South Tipperary,2012-Feb,9
Waterford,2012-Feb,14
Westmeath,2012-Feb,12
Wexford,2012-Feb,17
Wicklow,2012-Feb,14
Cork_City,2012-Feb,13
Dublin_City,2012-Feb,15
Galway_City,2012-Feb,0
Limerick_City,2012-Feb,0
Waterford_City,2012-Feb,2
Carlow,2012-Mar,8
Cavan,2012-Mar,16
Clare,2012-Mar,14
Cork,2012-Mar,85
Donegal,2012-Mar,42
Dun Laoghaire,2012-Mar,6
Fingal,2012-Mar,35
Galway,2012-Mar,40
Kerry,2012-Mar,31
Kildare,2012-Mar,30
Kilkenny,2012-Mar,12
Laois,2012-Mar,13
Leitrim,2012-Mar,14
Limerick,2012-Mar,16
Longford,2012-Mar,15
Louth,2012-Mar,15
Mayo,2012-Mar,25
Meath,2012-Mar,21
Monaghan,2012-Mar,8
North Tipperary,2012-Mar,14
Offaly,2012-Mar,6
Roscommon,2012-Mar,8
Sligo,2012-Mar,33
South Dublin,2012-Mar,8
South Tipperary,2012-Mar,9
Waterford,2012-Mar,10
Westmeath,2012-Mar,8
Wexford,2012-Mar,40
Wicklow,2012-Mar,15
Cork_City,2012-Mar,11
Dublin_City,2012-Mar,47
Galway_City,2012-Mar,2
Limerick_City,2012-Mar,1
Waterford_City,2012-Mar,7
Carlow,2012-Apr,9
Cavan,2012-Apr,9
Clare,2012-Apr,12
Cork,2012-Apr,62
Donegal,2012-Apr,34
Dun Laoghaire,2012-Apr,7
Fingal,2012-Apr,17
Galway,2012-Apr,51
Kerry,2012-Apr,24
Kildare,2012-Apr,24
Kilkenny,2012-Apr,14
Laois,2012-Apr,45
Leitrim,2012-Apr,5
Limerick,2012-Apr,20
Longford,2012-Apr,20
Louth,2012-Apr,9
Mayo,2012-Apr,23
Meath,2012-Apr,24
Monaghan,2012-Apr,12
North Tipperary,2012-Apr,10
Offaly,2012-Apr,9
Roscommon,2012-Apr,15
Sligo,2012-Apr,18
South Dublin,2012-Apr,12
South Tipperary,2012-Apr,9
Waterford,2012-Apr,14
Westmeath,2012-Apr,22
Wexford,2012-Apr,27
Wicklow,2012-Apr,17
Cork_City,2012-Apr,14
Dublin_City,2012-Apr,24
Galway_City,2012-Apr,3
Limerick_City,2012-Apr,3
Waterford_City,2012-Apr,4
Carlow,2012-May,10
Cavan,2012-May,15
Clare,2012-May,22
Cork,2012-May,105
Donegal,2012-May,37
Dun Laoghaire,2012-May,7
Fingal,2012-May,22
Galway,2012-May,42
Kerry,2012-May,37
Kildare,2012-May,23
Kilkenny,2012-May,6
Laois,2012-May,29
Leitrim,2012-May,7
Limerick,2012-May,24
Longford,2012-May,6
Louth,2012-May,17
Mayo,2012-May,28
Meath,2012-May,32
Monaghan,2012-May,9
North Tipperary,2012-May,11
Offaly,2012-May,17
Roscommon,2012-May,11
Sligo,2012-May,18
South Dublin,2012-May,12
South Tipperary,2012-May,6
Waterford,2012-May,12
Westmeath,2012-May,10
Wexford,2012-May,26
Wicklow,2012-May,20
Cork_City,2012-May,43
Dublin_City,2012-May,48
Galway_City,2012-May,2
Limerick_City,2012-May,13
Waterford_City,2012-May,3
Carlow,2012-Jun,10
Cavan,2012-Jun,19
Clare,2012-Jun,21
Cork,2012-Jun,63
Donegal,2012-Jun,40
Dun Laoghaire,2012-Jun,6
Fingal,2012-Jun,48
Galway,2012-Jun,25
Kerry,2012-Jun,23
Kildare,2012-Jun,32
Kilkenny,2012-Jun,12
Laois,2012-Jun,16
Leitrim,2012-Jun,8
Limerick,2012-Jun,23
Longford,2012-Jun,14
Louth,2012-Jun,13
Mayo,2012-Jun,28
Meath,2012-Jun,24
Monaghan,2012-Jun,7
North Tipperary,2012-Jun,6
Offaly,2012-Jun,13
Roscommon,2012-Jun,12
Sligo,2012-Jun,52
South Dublin,2012-Jun,8
South Tipperary,2012-Jun,10
Waterford,2012-Jun,17
Westmeath,2012-Jun,16
Wexford,2012-Jun,24
Wicklow,2012-Jun,14
Cork_City,2012-Jun,19
Dublin_City,2012-Jun,16
Galway_City,2012-Jun,3
Limerick_City,2012-Jun,1
Waterford_City,2012-Jun,3
Carlow,2012-Jul,15
Cavan,2012-Jul,16
Clare,2012-Jul,14
Cork,2012-Jul,79
Donegal,2012-Jul,45
Dun Laoghaire,2012-Jul,10
Fingal,2012-Jul,35
Galway,2012-Jul,34
Kerry,2012-Jul,25
Kildare,2012-Jul,17
Kilkenny,2012-Jul,11
Laois,2012-Jul,17
Leitrim,2012-Jul,1
Limerick,2012-Jul,10
Longford,2012-Jul,13
Louth,2012-Jul,23
Mayo,2012-Jul,22
Meath,2012-Jul,48
Monaghan,2012-Jul,7
North Tipperary,2012-Jul,19
Offaly,2012-Jul,15
Roscommon,2012-Jul,13
Sligo,2012-Jul,9
South Dublin,2012-Jul,18
South Tipperary,2012-Jul,15
Waterford,2012-Jul,14
Westmeath,2012-Jul,14
Wexford,2012-Jul,21
Wicklow,2012-Jul,14
Cork_City,2012-Jul,31
Dublin_City,2012-Jul,31
Galway_City,2012-Jul,7
Limerick_City,2012-Jul,2
Waterford_City,2012-Jul,1
Carlow,2012-Aug,8
Cavan,2012-Aug,18
Clare,2012-Aug,27
Cork,2012-Aug,87
Donegal,2012-Aug,50
Dun Laoghaire,2012-Aug,8
Fingal,2012-Aug,27
Galway,2012-Aug,40
Kerry,2012-Aug,22
Kildare,2012-Aug,26
Kilkenny,2012-Aug,9
Laois,2012-Aug,12
Leitrim,2012-Aug,10
Limerick,2012-Aug,19
Longford,2012-Aug,12
Louth,2012-Aug,36
Mayo,2012-Aug,27
Meath,2012-Aug,24
Monaghan,2012-Aug,22
North Tipperary,2012-Aug,14
Offaly,2012-Aug,9
Roscommon,2012-Aug,6
Sligo,2012-Aug,16
South Dublin,2012-Aug,17
South Tipperary,2012-Aug,7
Waterford,2012-Aug,4
Westmeath,2012-Aug,8
Wexford,2012-Aug,17
Wicklow,2012-Aug,36
Cork_City,2012-Aug,49
Dublin_City,2012-Aug,80
Galway_City,2012-Aug,4
Limerick_City,2012-Aug,13
Waterford_City,2012-Aug,8
Carlow,2012-Sept,7
Cavan,2012-Sept,15
Clare,2012-Sept,21
Cork,2012-Sept,84
Donegal,2012-Sept,36
Dun Laoghaire,2012-Sept,15
Fingal,2012-Sept,17
Galway,2012-Sept,37
Kerry,2012-Sept,20
Kildare,2012-Sept,39
Kilkenny,2012-Sept,13
Laois,2012-Sept,27
Leitrim,2012-Sept,9
Limerick,2012-Sept,20
Longford,2012-Sept,11
Louth,2012-Sept,22
Mayo,2012-Sept,33
Meath,2012-Sept,27
Monaghan,2012-Sept,9
North Tipperary,2012-Sept,14
Offaly,2012-Sept,10
Roscommon,2012-Sept,9
Sligo,2012-Sept,11
South Dublin,2012-Sept,3
South Tipperary,2012-Sept,9
Waterford,2012-Sept,15
Westmeath,2012-Sept,18
Wexford,2012-Sept,24
Wicklow,2012-Sept,22
Cork_City,2012-Sept,24
Dublin_City,2012-Sept,38
Galway_City,2012-Sept,1
Limerick_City,2012-Sept,6
Waterford_City,2012-Sept,3
Carlow,2012-Oct,10
Cavan,2012-Oct,22
Clare,2012-Oct,23
Cork,2012-Oct,74
Donegal,2012-Oct,34
Dun Laoghaire,2012-Oct,18
Fingal,2012-Oct,25
Galway,2012-Oct,48
Kerry,2012-Oct,62
Kildare,2012-Oct,31
Kilkenny,2012-Oct,35
Laois,2012-Oct,17
Leitrim,2012-Oct,10
Limerick,2012-Oct,16
Longford,2012-Oct,5
Louth,2012-Oct,33
Mayo,2012-Oct,16
Meath,2012-Oct,34
Monaghan,2012-Oct,10
North Tipperary,2012-Oct,13
Offaly,2012-Oct,12
Roscommon,2012-Oct,10
Sligo,2012-Oct,24
South Dublin,2012-Oct,28
South Tipperary,2012-Oct,9
Waterford,2012-Oct,9
Westmeath,2012-Oct,19
Wexford,2012-Oct,32
Wicklow,2012-Oct,15
Cork_City,2012-Oct,11
Dublin_City,2012-Oct,31
Galway_City,2012-Oct,3
Limerick_City,2012-Oct,34
Waterford_City,2012-Oct,6
Carlow,2012-Nov,13
Cavan,2012-Nov,24
Clare,2012-Nov,24
Cork,2012-Nov,98
Donegal,2012-Nov,33
Dun Laoghaire,2012-Nov,34
Fingal,2012-Nov,47
Galway,2012-Nov,42
Kerry,2012-Nov,33
Kildare,2012-Nov,37
Kilkenny,2012-Nov,13
Laois,2012-Nov,23
Leitrim,2012-Nov,3
Limerick,2012-Nov,27
Longford,2012-Nov,6
Louth,2012-Nov,29
Mayo,2012-Nov,34
Meath,2012-Nov,39
Monaghan,2012-Nov,11
North Tipperary,2012-Nov,10
Offaly,2012-Nov,9
Roscommon,2012-Nov,15
Sligo,2012-Nov,12
South Dublin,2012-Nov,22
South Tipperary,2012-Nov,8
Waterford,2012-Nov,28
Westmeath,2012-Nov,15
Wexford,2012-Nov,36
Wicklow,2012-Nov,18
Cork_City,2012-Nov,18
Dublin_City,2012-Nov,71
Galway_City,2012-Nov,2
Limerick_City,2012-Nov,9
Waterford_City,2012-Nov,4
Carlow,2012-Dec,7
Cavan,2012-Dec,18
Clare,2012-Dec,21
Cork,2012-Dec,88
Donegal,2012-Dec,43
Dun Laoghaire,2012-Dec,53
Fingal,2012-Dec,46
Galway,2012-Dec,35
Kerry,2012-Dec,22
Kildare,2012-Dec,52
Kilkenny,2012-Dec,11
Laois,2012-Dec,14
Leitrim,2012-Dec,3
Limerick,2012-Dec,30
Longford,2012-Dec,3
Louth,2012-Dec,46
Mayo,2012-Dec,21
Meath,2012-Dec,32
Monaghan,2012-Dec,6
North Tipperary,2012-Dec,9
Offaly,2012-Dec,22
Roscommon,2012-Dec,18
Sligo,2012-Dec,10
South Dublin,2012-Dec,35
South Tipperary,2012-Dec,15
Waterford,2012-Dec,15
Westmeath,2012-Dec,15
Wexford,2012-Dec,24
Wicklow,2012-Dec,21
Cork_City,2012-Dec,10
Dublin_City,2012-Dec,53
Galway_City,2012-Dec,4
Limerick_City,2012-Dec,16
Waterford_City,2012-Dec,8
Carlow,2013-Jan,6
Cavan,2013-Jan,11
Clare,2013-Jan,12
Cork,2013-Jan,51
Donegal,2013-Jan,17
Dun Laoghaire,2013-Jan,6
Fingal,2013-Jan,17
Galway,2013-Jan,24
Kerry,2013-Jan,20
Kildare,2013-Jan,24
Kilkenny,2013-Jan,10
Laois,2013-Jan,8
Leitrim,2013-Jan,17
Limerick,2013-Jan,14
Longford,2013-Jan,4
Louth,2013-Jan,25
Mayo,2013-Jan,16
Meath,2013-Jan,16
Monaghan,2013-Jan,11
North Tipperary,2013-Jan,7
Offaly,2013-Jan,7
Roscommon,2013-Jan,17
Sligo,2013-Jan,31
South Dublin,2013-Jan,13
South Tipperary,2013-Jan,10
Waterford,2013-Jan,8
Westmeath,2013-Jan,12
Wexford,2013-Jan,16
Wicklow,2013-Jan,25
Cork_City,2013-Jan,3
Dublin_City,2013-Jan,34
Galway_City,2013-Jan,6
Limerick_City,2013-Jan,10
Waterford_City,2013-Jan,3
Carlow,2013-Feb,10
Cavan,2013-Feb,19
Clare,2013-Feb,12
Cork,2013-Feb,56
Donegal,2013-Feb,41
Dun Laoghaire,2013-Feb,18
Fingal,2013-Feb,30
Galway,2013-Feb,42
Kerry,2013-Feb,26
Kildare,2013-Feb,40
Kilkenny,2013-Feb,4
Laois,2013-Feb,11
Leitrim,2013-Feb,7
Limerick,2013-Feb,16
Longford,2013-Feb,9
Louth,2013-Feb,10
Mayo,2013-Feb,22
Meath,2013-Feb,24
Monaghan,2013-Feb,9
North Tipperary,2013-Feb,7
Offaly,2013-Feb,6
Roscommon,2013-Feb,18
Sligo,2013-Feb,8
South Dublin,2013-Feb,7
South Tipperary,2013-Feb,7
Waterford,2013-Feb,12
Westmeath,2013-Feb,11
Wexford,2013-Feb,16
Wicklow,2013-Feb,33
Cork_City,2013-Feb,19
Dublin_City,2013-Feb,47
Galway_City,2013-Feb,3
Limerick_City,2013-Feb,3
Waterford_City,2013-Feb,1
Carlow,2013-Mar,11
Cavan,2013-Mar,15
Clare,2013-Mar,22
Cork,2013-Mar,54
Donegal,2013-Mar,34
Dun Laoghaire,2013-Mar,9
Fingal,2013-Mar,32
Galway,2013-Mar,38
Kerry,2013-Mar,15
Kildare,2013-Mar,26
Kilkenny,2013-Mar,13
Laois,2013-Mar,11
Leitrim,2013-Mar,3
Limerick,2013-Mar,20
Longford,2013-Mar,8
Louth,2013-Mar,22
Mayo,2013-Mar,16
Meath,2013-Mar,36
Monaghan,2013-Mar,5
North Tipperary,2013-Mar,8
Offaly,2013-Mar,12
Roscommon,2013-Mar,12
Sligo,2013-Mar,11
South Dublin,2013-Mar,6
South Tipperary,2013-Mar,19
Waterford,2013-Mar,12
Westmeath,2013-Mar,13
Wexford,2013-Mar,20
Wicklow,2013-Mar,19
Cork_City,2013-Mar,15
Dublin_City,2013-Mar,26
Galway_City,2013-Mar,3
Limerick_City,2013-Mar,5
Waterford_City,2013-Mar,5
Carlow,2013-Apr,10
Cavan,2013-Apr,17
Clare,2013-Apr,21
Cork,2013-Apr,69
Donegal,2013-Apr,29
Dun Laoghaire,2013-Apr,9
Fingal,2013-Apr,21
Galway,2013-Apr,38
Kerry,2013-Apr,17
Kildare,2013-Apr,60
Kilkenny,2013-Apr,18
Laois,2013-Apr,24
Leitrim,2013-Apr,13
Limerick,2013-Apr,27
Longford,2013-Apr,7
Louth,2013-Apr,23
Mayo,2013-Apr,21
Meath,2013-Apr,27
Monaghan,2013-Apr,10
North Tipperary,2013-Apr,15
Offaly,2013-Apr,11
Roscommon,2013-Apr,15
Sligo,2013-Apr,8
South Dublin,2013-Apr,4
South Tipperary,2013-Apr,16
Waterford,2013-Apr,7
Westmeath,2013-Apr,19
Wexford,2013-Apr,30
Wicklow,2013-Apr,23
Cork_City,2013-Apr,36
Dublin_City,2013-Apr,40
Galway_City,2013-Apr,5
Limerick_City,2013-Apr,2
Waterford_City,2013-Apr,7
Carlow,2013-May,8
Cavan,2013-May,13
Clare,2013-May,22
Cork,2013-May,83
Donegal,2013-May,40
Dun Laoghaire,2013-May,6
Fingal,2013-May,44
Galway,2013-May,28
Kerry,2013-May,31
Kildare,2013-May,26
Kilkenny,2013-May,15
Laois,2013-May,14
Leitrim,2013-May,4
Limerick,2013-May,20
Longford,2013-May,7
Louth,2013-May,19
Mayo,2013-May,25
Meath,2013-May,26
Monaghan,2013-May,8
North Tipperary,2013-May,13
Offaly,2013-May,10
Roscommon,2013-May,10
Sligo,2013-May,8
South Dublin,2013-May,9
South Tipperary,2013-May,9
Waterford,2013-May,8
Westmeath,2013-May,9
Wexford,2013-May,11
Wicklow,2013-May,17
Cork_City,2013-May,10
Dublin_City,2013-May,19
Galway_City,2013-May,27
Limerick_City,2013-May,5
Waterford_City,2013-May,3
Carlow,2013-Jun,26
Cavan,2013-Jun,10
Clare,2013-Jun,15
Cork,2013-Jun,67
Donegal,2013-Jun,31
Dun Laoghaire,2013-Jun,13
Fingal,2013-Jun,22
Galway,2013-Jun,21
Kerry,2013-Jun,25
Kildare,2013-Jun,33
Kilkenny,2013-Jun,21
Laois,2013-Jun,8
Leitrim,2013-Jun,3
Limerick,2013-Jun,14
Longford,2013-Jun,2
Louth,2013-Jun,52
Mayo,2013-Jun,23
Meath,2013-Jun,18
Monaghan,2013-Jun,9
North Tipperary,2013-Jun,4
Offaly,2013-Jun,13
Roscommon,2013-Jun,10
Sligo,2013-Jun,10
South Dublin,2013-Jun,14
South Tipperary,2013-Jun,4
Waterford,2013-Jun,12
Westmeath,2013-Jun,10
Wexford,2013-Jun,25
Wicklow,2013-Jun,24
Cork_City,2013-Jun,49
Dublin_City,2013-Jun,106
Galway_City,2013-Jun,3
Limerick_City,2013-Jun,2
Waterford_City,2013-Jun,4
Carlow,2013-Jul,21
Cavan,2013-Jul,15
Clare,2013-Jul,19
Cork,2013-Jul,86
Donegal,2013-Jul,29
Dun Laoghaire,2013-Jul,10
Fingal,2013-Jul,55
Galway,2013-Jul,37
Kerry,2013-Jul,38
Kildare,2013-Jul,37
Kilkenny,2013-Jul,21
Laois,2013-Jul,19
Leitrim,2013-Jul,6
Limerick,2013-Jul,15
Longford,2013-Jul,15
Louth,2013-Jul,40
Mayo,2013-Jul,23
Meath,2013-Jul,21
Monaghan,2013-Jul,6
North Tipperary,2013-Jul,9
Offaly,2013-Jul,5
Roscommon,2013-Jul,9
Sligo,2013-Jul,7
South Dublin,2013-Jul,11
South Tipperary,2013-Jul,5
Waterford,2013-Jul,7
Westmeath,2013-Jul,14
Wexford,2013-Jul,26
Wicklow,2013-Jul,26
Cork_City,2013-Jul,14
Dublin_City,2013-Jul,50
Galway_City,2013-Jul,7
Limerick_City,2013-Jul,0
Waterford_City,2013-Jul,2
Carlow,2013-Aug,5
Cavan,2013-Aug,16
Clare,2013-Aug,14
Cork,2013-Aug,77
Donegal,2013-Aug,33
Dun Laoghaire,2013-Aug,17
Fingal,2013-Aug,14
Galway,2013-Aug,23
Kerry,2013-Aug,22
Kildare,2013-Aug,53
Kilkenny,2013-Aug,14
Laois,2013-Aug,15
Leitrim,2013-Aug,8
Limerick,2013-Aug,13
Longford,2013-Aug,10
Louth,2013-Aug,14
Mayo,2013-Aug,24
Meath,2013-Aug,21
Monaghan,2013-Aug,15
North Tipperary,2013-Aug,15
Offaly,2013-Aug,10
Roscommon,2013-Aug,6
Sligo,2013-Aug,15
South Dublin,2013-Aug,18
South Tipperary,2013-Aug,12
Waterford,2013-Aug,14
Westmeath,2013-Aug,13
Wexford,2013-Aug,20
Wicklow,2013-Aug,17
Cork_City,2013-Aug,7
Dublin_City,2013-Aug,34
Galway_City,2013-Aug,3
Limerick_City,2013-Aug,3
Waterford_City,2013-Aug,9
Carlow,2013-Sept,28
Cavan,2013-Sept,11
Clare,2013-Sept,13
Cork,2013-Sept,82
Donegal,2013-Sept,35
Dun Laoghaire,2013-Sept,13
Fingal,2013-Sept,30
Galway,2013-Sept,49
Kerry,2013-Sept,31
Kildare,2013-Sept,33
Kilkenny,2013-Sept,13
Laois,2013-Sept,6
Leitrim,2013-Sept,9
Limerick,2013-Sept,16
Longford,2013-Sept,6
Louth,2013-Sept,30
Mayo,2013-Sept,20
Meath,2013-Sept,15
Monaghan,2013-Sept,20
North Tipperary,2013-Sept,14
Offaly,2013-Sept,7
Roscommon,2013-Sept,25
Sligo,2013-Sept,13
South Dublin,2013-Sept,13
South Tipperary,2013-Sept,10
Waterford,2013-Sept,13
Westmeath,2013-Sept,17
Wexford,2013-Sept,38
Wicklow,2013-Sept,20
Cork_City,2013-Sept,4
Dublin_City,2013-Sept,28
Galway_City,2013-Sept,2
Limerick_City,2013-Sept,2
Waterford_City,2013-Sept,7
Carlow,2013-Oct,14
Cavan,2013-Oct,11
Clare,2013-Oct,19
Cork,2013-Oct,81
Donegal,2013-Oct,42
Dun Laoghaire,2013-Oct,49
Fingal,2013-Oct,33
Galway,2013-Oct,56
Kerry,2013-Oct,44
Kildare,2013-Oct,47
Kilkenny,2013-Oct,16
Laois,2013-Oct,19
Leitrim,2013-Oct,2
Limerick,2013-Oct,35
Longford,2013-Oct,8
Louth,2013-Oct,20
Mayo,2013-Oct,33
Meath,2013-Oct,23
Monaghan,2013-Oct,15
North Tipperary,2013-Oct,11
Offaly,2013-Oct,15
Roscommon,2013-Oct,13
Sligo,2013-Oct,13
South Dublin,2013-Oct,32
South Tipperary,2013-Oct,11
Waterford,2013-Oct,9
Westmeath,2013-Oct,13
Wexford,2013-Oct,25
Wicklow,2013-Oct,15
Cork_City,2013-Oct,43
Dublin_City,2013-Oct,38
Galway_City,2013-Oct,1
Limerick_City,2013-Oct,3
Waterford_City,2013-Oct,16
Carlow,2013-Nov,14
Cavan,2013-Nov,14
Clare,2013-Nov,26
Cork,2013-Nov,90
Donegal,2013-Nov,41
Dun Laoghaire,2013-Nov,56
Fingal,2013-Nov,54
Galway,2013-Nov,42
Kerry,2013-Nov,29
Kildare,2013-Nov,34
Kilkenny,2013-Nov,21
Laois,2013-Nov,27
Leitrim,2013-Nov,10
Limerick,2013-Nov,24
Longford,2013-Nov,9
Louth,2013-Nov,23
Mayo,2013-Nov,39
Meath,2013-Nov,27
Monaghan,2013-Nov,22
North Tipperary,2013-Nov,13
Offaly,2013-Nov,15
Roscommon,2013-Nov,22
Sligo,2013-Nov,14
South Dublin,2013-Nov,38
South Tipperary,2013-Nov,17
Waterford,2013-Nov,10
Westmeath,2013-Nov,16
Wexford,2013-Nov,47
Wicklow,2013-Nov,23
Cork_City,2013-Nov,22
Dublin_City,2013-Nov,34
Galway_City,2013-Nov,8
Limerick_City,2013-Nov,32
Waterford_City,2013-Nov,5
Carlow,2013-Dec,16
Cavan,2013-Dec,21
Clare,2013-Dec,20
Cork,2013-Dec,67
Donegal,2013-Dec,28
Dun Laoghaire,2013-Dec,54
Fingal,2013-Dec,43
Galway,2013-Dec,28
Kerry,2013-Dec,33
Kildare,2013-Dec,34
Kilkenny,2013-Dec,13
Laois,2013-Dec,26
Leitrim,2013-Dec,8
Limerick,2013-Dec,21
Longford,2013-Dec,5
Louth,2013-Dec,32
Mayo,2013-Dec,50
Meath,2013-Dec,32
Monaghan,2013-Dec,20
North Tipperary,2013-Dec,16
Offaly,2013-Dec,6
Roscommon,2013-Dec,17
Sligo,2013-Dec,23
South Dublin,2013-Dec,38
South Tipperary,2013-Dec,14
Waterford,2013-Dec,11
Westmeath,2013-Dec,11
Wexford,2013-Dec,32
Wicklow,2013-Dec,15
Cork_City,2013-Dec,16
Dublin_City,2013-Dec,46
Galway_City,2013-Dec,15
Limerick_City,2013-Dec,39
Waterford_City,2013-Dec,26
